13:55:16.712220;10.0;4.92
13:55:16.813310;10.0;5.44
13:55:16.913011;10.0;6.57
13:55:17.013281;10.0;8.21
13:55:17.112802;10.0;7.26
13:55:17.213765;10.0;8.08
13:55:17.313864;10.0;8.21
13:55:17.413425;10.0;9.85
13:55:17.512746;10.0;8.21
13:55:17.613761;10.0;8.21
13:55:17.713850;10.0;8.21
13:55:17.813669;10.0;8.21
13:55:17.913723;10.0;7.26
13:55:18.013149;10.0;8.21
13:55:18.114184;10.0;8.21
13:55:18.213604;10.0;9.85
13:55:18.313515;10.0;8.21
13:55:18.413727;10.0;8.21
13:55:18.513521;10.0;9.85
13:55:18.613675;10.0;7.26
13:55:18.713143;10.0;7.66
13:55:18.814052;10.0;9.85
13:55:18.914351;10.0;8.21
13:55:19.013614;10.0;9.07
13:55:19.113252;10.0;9.85
13:55:19.212892;10.0;7.26
13:55:19.313922;10.0;7.66
13:55:19.413693;10.0;8.21
13:55:19.513961;10.0;8.21
13:55:19.614129;10.0;8.21
13:55:19.713757;10.0;8.21
13:55:19.813882;10.0;7.26
13:55:19.913725;10.0;7.66
13:55:20.013770;10.0;7.66
13:55:20.113863;10.0;8.21
13:55:20.213951;10.0;7.26
13:55:20.313495;10.0;7.66
13:55:20.413603;10.0;8.21
13:55:20.513442;10.0;9.07
13:55:20.613415;10.0;8.21
13:55:20.713560;10.0;8.21
13:55:20.813842;10.0;8.21
13:55:20.914078;10.0;9.07
13:55:21.014112;10.0;9.85
13:55:21.113828;10.0;7.26
13:55:21.214012;10.0;8.21
13:55:21.313516;10.0;9.07
13:55:21.413657;10.0;9.85
13:55:21.513800;10.0;8.21
13:55:21.613169;10.0;9.07
13:55:21.714469;10.0;9.76
13:55:21.813588;10.0;6.60
13:55:21.913633;10.0;8.80
13:55:22.013308;10.0;8.80
13:55:22.113490;10.0;6.60
13:55:22.213768;10.0;7.81
13:55:22.313795;10.0;7.95
13:55:22.414048;10.0;8.86
13:55:22.514109;10.0;19.21
13:55:22.613746;10.0;22.76
13:55:22.713823;10.0;25.86
13:55:22.813561;10.0;29.55
13:55:22.913162;10.0;31.03
13:55:23.014057;10.0;32.32
13:55:23.113850;10.0;32.32
13:55:23.213893;10.0;31.40
13:55:23.314023;10.0;32.51
13:55:23.413629;10.0;32.83
13:55:23.513476;10.0;30.85
13:55:23.613132;10.0;32.32
13:55:23.714073;10.0;32.32
13:55:23.814169;10.0;33.25
13:55:23.914258;10.0;33.18
13:55:24.012971;10.0;32.32
13:55:24.113868;10.0;31.40
13:55:24.313944;10.0;31.23
13:55:24.413415;10.0;31.23
13:55:24.513628;10.0;33.18
13:55:24.613284;10.0;32.32
13:55:24.713303;10.0;33.25
13:55:24.913567;10.0;33.18
13:55:25.013708;10.0;31.23
13:55:25.113618;10.0;32.83
13:55:25.213694;10.0;32.66
13:55:25.313266;10.0;34.48
13:55:25.413127;10.0;32.32
13:55:25.514187;10.0;33.25
13:55:25.613895;10.0;33.18
13:55:25.713785;10.0;32.32
13:55:25.813866;10.0;33.25
13:55:25.914059;10.0;32.32
13:55:26.013487;10.0;34.48
13:55:26.113853;10.0;33.94
13:55:26.213903;10.0;32.83
13:55:26.314053;10.0;33.94
13:55:26.413520;10.0;33.25
13:55:26.513491;10.0;33.94
13:55:26.613519;10.0;34.48
13:55:26.713628;70.0;32.66
13:55:26.813449;70.0;45.26
13:55:26.913467;70.0;59.80
13:55:27.013054;70.0;62.81
13:55:27.114217;70.0;73.89
13:55:27.212744;70.0;72.59
13:55:27.313833;70.0;77.59
13:55:27.414073;70.0;77.59
13:55:27.514142;70.0;77.59
13:55:27.614351;70.0;79.20
13:55:27.713293;70.0;77.59
13:55:27.812791;70.0;79.43
13:55:27.913274;70.0;78.07
13:55:28.013626;70.0;78.07
13:55:28.113930;70.0;80.46
13:55:28.214281;70.0;79.20
13:55:28.313451;70.0;77.59
13:55:28.413549;70.0;77.59
13:55:28.513;70.0;79.43
13:55:28.813888;70.0;75.97
13:55:28.913974;70.0;72.73
13:55:29.013787;70.0;74.35
13:55:29.113804;70.0;75.74
13:55:29.213310;70.0;76.12
13:55:29.312901;70.0;76.12
13:55:29.413983;70.0;78.81
13:55:29.514162;70.0;76.22
13:55:29.614250;70.0;78.07
13:55:29.713215;70.0;78.07
13:55:29.813267;70.0;80.02
13:55:29.912995;70.0;80.02
13:55:30.014038;70.0;80.02
13:55:30.114203;70.0;77.59
13:55:30.213651;70.0;79.43
13:55:30.313216;70.0;79.20
13:55:30.412938;70.0;79.20
13:55:30.514021;70.0;79.43
13:55:30.614049;70.0;79.20
13:55:30.714022;70.0;77.59
13:55:30.813652;70.0;80.46
13:55:30.913516;70.0;78.03
13:55:31.013679;70.0;79.20
13:55:31.113158;70.0;79.20
13:55:31.214233;70.0;77.59
13:55:31.313472;70.0;79.43
13:55:31.413136;70.0;79.20
13:55:31.514231;70.0;79.43
13:55:31.612955;70.0;77.59
13:55:31.713745;70.0;77.59
13:55:31.813613;70.0;79.20
13:55:31.913536;70.0;79.20
13:55:32.013571;70.0;79.20
13:55:32.113205;70.0;77.59
13:55:32.214291;70.0;79.20
13:55:32.313369;70.0;77.59
13:55:32.413501;70.0;79.20
13:55:32.513217;70.0;79.43
13:55:32.613268;70.0;79.20
13:55:32.712791;70.0;77.59
13:55:32.813756;70.0;80.02
13:55:32.913796;70.0;79.20
13:55:33.013802;70.0;79.20
13:55:33.113434;70.0;79.43
13:55:33.213508;70.0;80.46
13:55:33.313654;70.0;79.20
13:55:33.413903;70.0;79.43
13:55:33.513623;70.0;78.07
13:55:33.613648;70.0;78.07
13:55:33.713.0;80.02
13:55:34.013304;70.0;78.54
13:55:34.113366;70.0;74.35
13:55:34.213256;70.0;75.74
13:55:34.312761;70.0;77.59
13:55:34.413469;70.0;77.59
13:55:34.513566;70.0;77.59
13:55:34.613439;70.0;77.59
13:55:34.713167;70.0;77.59
13:55:34.814217;70.0;79.43
13:55:34.913091;70.0;79.20
13:55:35.013985;70.0;77.59
13:55:35.114143;70.0;77.59
13:55:35.214169;70.0;79.43
13:55:35.313985;70.0;78.07
13:55:35.414154;70.0;79.20
13:55:35.514273;70.0;77.59
13:55:35.613315;70.0;79.43
13:55:35.713351;70.0;78.07
13:55:35.813193;70.0;80.02
13:55:35.914029;70.0;80.46
13:55:36.013969;70.0;76.22
13:55:36.113692;70.0;77.59
13:55:36.213559;70.0;79.43
13:55:36.313028;70.0;79.20
13:55:36.414052;70.0;79.20
13:55:36.514006;70.0;80.46
13:55:36.613949;70.0;77.59
13:55:36.714154;70.0;79.43
13:55:36.814431;70.0;78.07
13:55:36.913401;70.0;79.20
13:55:37.013440;70.0;77.59
13:55:37.113327;70.0;79.43
13:55:37.213367;70.0;79.20
13:55:37.312865;70.0;79.43
13:55:37.413814;70.0;79.20
13:55:37.513375;70.0;79.20
13:55:37.613401;70.0;79.20
13:55:37.713361;70.0;77.59
13:55:37.813521;70.0;79.20
13:55:37.913066;70.0;77.59
13:55:38.013939;70.0;77.59
13:55:38.114150;70.0;77.59
13:55:38.214260;70.0;79.20
13:55:38.312794;70.0;79.20
13:55:38.413604;70.0;77.59
13:55:38.513118;70.0;79.43
13:55:38.614158;70.0;79.20
13:55:38.71;77.59
13:55:39.013829;70.0;76.63
13:55:39.113785;70.0;75.97
13:55:39.213056;70.0;75.97
13:55:39.314339;70.0;77.59
13:55:39.413402;70.0;77.59
13:55:39.512947;70.0;77.59
13:55:39.613993;70.0;77.59
13:55:39.713600;70.0;78.07
13:55:39.813243;70.0;79.20
13:55:39.912819;70.0;79.43
13:55:40.013815;70.0;78.07
13:55:40.113541;70.0;79.20
13:55:40.213735;70.0;79.20
13:55:40.313891;70.0;79.20
13:55:40.413982;70.0;79.20
13:55:40.513433;70.0;77.59
13:55:40.613596;70.0;79.20
13:55:40.712978;70.0;79.20
13:55:40.813711;70.0;79.20
13:55:40.913792;70.0;77.59
13:55:41.013412;70.0;79.43
13:55:41.1139;70.0;78.07
13:55:41.414215;70.0;78.07
13:55:41.513246;70.0;74.35
13:55:41.612835;70.0;77.59
13:55:41.713795;50.0;77.59
13:55:41.813454;50.0;77.59
13:55:41.913433;50.0;74.35
13:55:42.013217;50.0;73.89
13:55:42.113453;50.0;71.12
13:55:42.213001;50.0;68.34
13:55:42.314063;50.0;67.88
13:55:42.413637;50.0;67.88
13:55:42.512976;50.0;66.50
13:55:42.614295;50.0;66.36
13:55:42.713198;50.0;66.27
13:55:42.813647;50.0;64.66
13:55:42.913079;50.0;66.27
13:55:43.014464;50.0;64.66
13:55:43.112733;50.0;64.41
13:55:43.213073;50.0;64.66
13:55:43.314049;50.0;64.66
13:55:43.413682;50.0;64.66
13:55:43.513890;50.0;64.66
13:55:43.614870;50.0;64.66
13:55:43.713812;50.0;64.66
13:55:43.813625;50.0;64.66
13:55:43.913063;50.0;64.41
13:55:44.014262;50.0;64.66
13:55:44.112851;50.0;64.66
13:55:44.214012;50.0;64.66
13:55:44.313559;50.0;64.66
13:55:44.413656;50.0;64.66
13:55:44.513475;50.0;66.27
13:55:44.613516;50.0;64.66
13:55:44.713510;50.0;64.66
13:55:44.813040;50.0;64.66
13:55:44.913495;50.0;64.41
13:55:45.013557;50.0;64.41
13:55:45.113787;50.0;64.41
13:55:45.213556;50.0;64.66
13:55:45.313433;50.0;64.66
13:55:45.413179;50.0;64.66
13:55:45.514238;50.0;64.66
13:55:45.613130;50.0;64.66
13:55:45.713681;50.0;64.41
13:55:45.813614;50.0;64.41
13:55:45.913716;50.0;64.41
13:55:46.013688;50.0;64.41
13:55:46.113215;50.0;64.66
13:55:46.213389;50.0;64.66
13:55:46.313556;50.0;64.41
13:55:46.413502;50.0;64.41
13:55:46.514061;50.0;64.66
13:55:46.614115;50.0;64.66
13:55:46.714052;50.0;64.66
13:55:46.814193;50.0;66.27
13:55:46.912840;50.0;64.66
13:55:47.013990;50.0;64.41
13:55:47.113826;50.0;64.41
13:55:47.213947;50.0;64.66
13:55:47.314128;50.0;64.66
13:55:47.413649;50.0;64.66
13:55:47.513719;50.0;64.66
13:55:47.613543;50.0;64.66
13:55:47.713603;50.0;64.66
13:55:47.813206;50.0;64.41
13:55:47.913336;50.0;64.41
13:55:48.012793;50.0;64.41
13:55:48.114032;50.0;64.66
13:55:48.213721;50.0;64.66
13:55:48.313891;50.0;66.50
13:55:48.414046;50.0;64.66
13:55:48.514222;50.0;64.66
13:55:48.613098;50.0;64.41
13:55:48.713684;50.0;64.66
13:55:48.813675;50.0;64.66
13:55:48.913272;50.0;64.41
13:55:49.013444;50.0;66.27
13:55:49.113765;50.0;64.66
13:55:49.213182;50.0;64.66
13:55:49.313761;50.0;64.66
13:55:49.413702;50.0;64.66
13:55:49.513309;50.0;64.66
13:55:49.613319;50.0;64.66
13:55:49.712759;50.0;64.41
13:55:49.813771;50.0;64.41
13:55:49.913724;50.0;64.66
13:55:50.013807;50.0;64.66
13:55:50.113979;50.0;64.66
13:55:50.214035;50.0;66.50
13:55:50.314100;50.0;64.66
13:55:50.413751;50.0;64.66
13:55:50.513886;50.0;64.66
13:55:50.613892;50.0;64.66
13:55:50.713345;50.0;64.66
13:55:50.813303;50.0;64.66
13:55:50.913149;50.0;64.66
13:55:51.013788;50.0;64.66
13:55:51.113983;50.0;64.66
13:55:51.213770;50.0;64.66
13:55:51.313498;50.0;66.27
13:55:51.413546;50.0;64.66
13:55:51.513740;50.0;64.66
13:55:51.613155;50.0;64.66
13:55:51.714324;50.0;64.41
13:55:51.812905;49.8;64.66
13:55:51.913931;49.6;65.68
13:55:52.013936;49.4;64.66
13:55:52.113842;49.2;64.66
13:55:52.213412;49.0;62.81
13:55:52.312862;48.8;64.41
13:55:52.413228;48.6;64.41
13:55:52.512770;48.4;62.46
13:55:52.613692;48.2;64.41
13:55:52.713425;48.0;63.03
13:55:52.813458;47.8;64.66
13:55:52.912964;47.6;64.41
13:55:53.013919;47.4;64.66
13:55:53.113484;47.2;63.03
13:55:53.213507;47.0;62.81
13:55:53.313006;46.8;62.46
13:55:53.413947;46.6;63.03
13:55:53.514035;46.4;62.81
13:55:53.613688;46.2;62.46
13:55:53.713443;46.0;63.03
13:55:53.813579;45.8;62.81
13:55:53.913085;45.6;62.46
13:55:54.014447;45.4;60.50
13:55:54.113466;45.2;63.03
13:55:54.212900;45.0;60.96
13:55:54.314116;44.8;61.42
13:55:54.414257;44.6;60.96
13:55:54.513239;44.4;61.42
13:55:54.612819;44.2;61.42
13:55:54.713806;44.0;61.42
13:55:54.813120;43.8;60.96
13:55:54.913709;43.6;61.42
13:55:55.013703;43.4;60.96
13:55:55.113214;43.2;60.50
13:55:55.213334;43.0;60.50
13:55:55.312878;42.8;59.80
13:55:55.413821;42.6;59.80
13:55:55.513380;42.4;60.96
13:55:55.613516;42.2;58.55
13:55:55.712860;42.0;59.80
13:55:55.813886;41.8;59.11
13:55:55.913614;41.6;59.80
13:55:56.013336;41.4;59.11
13:55:56.113433;41.2;58.55
13:55:56.212916;41.0;60.50
13:55:56.313796;40.8;58.55
13:55:56.413800;40.6;58.55
13:55:56.513810;40.4;58.19
13:55:56.613339;40.2;59.80
13:55:56.712951;40.0;57.26
13:55:56.814048;40.2;58.55
13:55:56.914294;40.4;58.55
13:55:57.013185;40.6;58.55
13:55:57.113182;40.8;56.60
13:55:57.212763;41.0;58.19
13:55:57.313729;41.2;58.19
13:55:57.413491;41.4;59.11
13:55:57.513305;41.6;58.19
13:55:57.613500;41.8;58.19
13:55:57.713613;42.0;58.19
13:55:57.813835;42.2;58.19
13:55:57.914144;42.4;59.11
13:55:58.013890;42.6;59.80
13:55:58.114043;42.8;58.19
13:55:58.213978;43.0;58.19
13:55:58.313626;43.2;59.11
13:55:58.413582;43.4;59.80
13:55:58.512908;43.6;59.80
13:55:58.613497;43.8;59.80
13:55:58.713485;44.0;59.11
13:55:58.813498;44.2;59.80
13:55:58.913194;44.4;61.42
13:55:59.012817;44.6;61.42
13:55:59.114110;44.8;61.42
13:55:59.214246;45.0;59.80
13:55:59.313377;45.2;60.96
13:55:59.413494;45.4;61.42
13:55:59.513124;45.6;59.80
13:55:59.614235;45.8;62.81
13:55:59.713361;46.0;61.42
13:55:59.813491;46.2;61.42
13:55:59.913574;46.4;63.03
13:56:00.013497;46.6;61.42
13:56:00.113166;46.8;62.81
13:56:00.213487;47.0;61.42
13:56:00.313804;47.2;62.81
13:56:00.414004;47.4;63.03
13:56:00.513531;47.6;62.81
13:56:00.613494;47.8;62.46
13:56:00.713618;48.0;62.46
13:56:00.813695;48.2;62.46
13:56:00.913814;48.4;64.41
13:56:01.013589;48.6;62.46
13:56:01.113535;48.8;62.46
13:56:01.213657;49.0;62.46
13:56:01.313931;49.2;64.41
13:56:01.414228;49.4;63.03
13:56:01.513246;49.6;64.66
13:56:01.613475;49.8;64.66
13:56:01.713261;50.0;64.66
13:56:01.812573;50.5;64.66
13:56:01.913819;51.0;64.66
13:56:02.013519;51.5;64.41
13:56:02.113501;52.0;64.66
13:56:02.213441;52.5;64.66
13:56:02.313115;53.0;64.41
13:56:02.414120;53.5;64.41
13:56:02.513619;54.0;66.36
13:56:02.613055;54.5;68.31
13:56:02.714017;55.0;67.88
13:56:02.814226;55.5;66.50
13:56:02.913353;56.0;67.88
13:56:03.013481;56.5;67.88
13:56:03.113503;57.0;68.34
13:56:03.213397;57.5;67.88
13:56:03.313439;58.0;70.19
13:56:03.413096;58.5;69.50
13:56:03.514065;59.0;70.19
13:56:03.614200;59.5;68.31
13:56:03.713022;60.0;71.12
13:56:03.813971;59.5;72.25
13:56:03.913616;59.0;70.78
13:56:04.013766;58.5;71.12
13:56:04.113503;58.0;71.12
13:56:04.213503;57.5;71.12
13:56:04.313414;57.0;71.12
13:56:04.413453;56.5;70.19
13:56:04.513367;56.0;70.26
13:56:04.613415;55.5;70.26
13:56:04.713226;55.0;69.50
13:56:04.813299;54.5;70.19
13:56:04.912806;54.0;69.50
13:56:05.013908;53.5;69.50
13:56:05.113786;53.0;68.34
13:56:05.213879;52.5;67.88
13:56:05.314190;52.0;66.50
13:56:05.413471;51.5;68.31
13:56:05.513657;51.0;68.31
13:56:05.613815;50.5;66.27
13:56:05.713935;50.0;66.27
13:56:05.814088;49.0;66.27
13:56:05.914242;48.0;66.50
13:56:06.012792;47.0;66.36
13:56:06.113942;45.99999999;64.41
13:56:06.213476;44.99999999;63.03
13:56:06.313558;43.99999999;63.03
13:56:06.412957;42.99999999;63.03
13:56:06.514407;41.99999999;63.03
13:56:06.613253;40.99999999;60.96
13:56:06.713480;40.0;60.50
13:56:06.813614;41.0;60.50
13:56:06.913887;42.0;59.80
13:56:07.014021;43.0;59.80
13:56:07.114248;44.0;59.80
13:56:07.212906;45.0;59.11
13:56:07.314055;46.0;59.80
13:56:07.414935;47.0;59.80
13:56:07.514288;48.0;61.42
13:56:07.613331;49.0;61.42
13:56:07.712798;50.0;62.81
13:56:07.813977;50.0;60.50
13:56:07.913468;50.0;63.03
13:56:08.013505;50.0;64.66
13:56:08.113203;50.0;64.66
13:56:08.213150;50.0;64.66
13:56:08.314249;50.0;64.66
13:56:08.412805;50.0;64.41
13:56:08.513940;50.0;64.41
13:56:08.614040;50.0;64.66
13:56:08.713333;50.0;64.66
13:56:08.813493;50.0;64.41
13:56:08.913491;50.0;64.66
13:56:09.013496;50.0;64.66
13:56:09.113537;50.0;64.41
13:56:09.213705;50.0;64.41
13:56:09.313912;50.0;66.27
13:56:09.413880;50.0;64.66
13:56:09.513853;50.0;64.66
13:56:09.613401;50.0;64.66
13:56:09.713492;50.0;64.66
13:56:09.812764;50.0;64.66
13:56:09.913091;50.0;64.66
13:56:10.014146;50.0;64.66
13:56:10.113719;50.0;64.66
13:56:10.213663;50.0;64.66
13:56:10.313421;50.0;64.41
13:56:10.413648;50.0;64.66
13:56:10.513713;50.0;64.66
13:56:10.613737;50.0;64.66
13:56:10.713707;50.0;64.66
13:56:10.813441;50.0;64.66
13:56:10.913473;50.0;64.41
13:56:11.013087;50.0;64.41
13:56:11.113986;50.0;64.66
13:56:11.213873;50.0;66.27
13:56:11.313477;50.0;64.66
13:56:11.413631;50.0;64.66
13:56:11.513671;50.0;66.27
13:56:11.613656;50.0;64.66
13:56:11.713218;50.0;64.66
13:56:11.813299;50.0;64.66
13:56:11.913464;50.0;64.41
13:56:12.013691;50.0;64.66
13:56:12.113845;50.0;66.50
13:56:12.213415;50.0;64.41
13:56:12.313524;50.0;66.27
13:56:12.413749;50.0;64.66
13:56:12.513228;50.0;64.66
13:56:12.613272;50.0;64.66
13:56:12.713289;50.0;64.66
13:56:12.813341;50.0;64.66
13:56:12.913249;50.0;64.41
13:56:13.013100;50.0;64.66
13:56:13.114154;50.0;64.66
13:56:13.213866;50.0;64.66
13:56:13.313926;50.0;64.66
13:56:13.413990;50.0;64.66
13:56:13.513394;50.0;64.66
13:56:13.613168;50.0;66.50
13:56:13.713156;50.0;64.66
13:56:13.814017;50.0;64.66
13:56:13.914411;50.0;64.66
13:56:14.013197;50.0;66.50
13:56:14.112957;50.0;64.41
13:56:14.214529;50.0;64.66
13:56:14.313951;50.0;66.27
13:56:14.414203;50.0;65.68
13:56:14.512528;50.0;63.52
13:56:14.612940;50.0;64.41
13:56:14.713932;50.0;64.66
13:56:14.813530;50.0;64.66
13:56:14.913510;50.0;64.66
13:56:15.013715;50.0;64.41
13:56:15.113936;50.0;64.66
13:56:15.213810;50.0;64.66
13:56:15.313775;50.0;64.66
13:56:15.413838;50.0;64.66
13:56:15.513902;50.0;64.41
13:56:15.614283;50.0;64.41
13:56:15.712509;50.0;64.41
13:56:15.813510;50.0;64.41
13:56:15.913192;50.0;64.41
13:56:16.013030;50.0;64.66
13:56:16.114271;50.0;64.66
13:56:16.213081;50.0;64.66
13:56:16.314263;50.0;64.66
13:56:16.412700;50.0;64.66
13:56:16.513821;50.0;64.66
13:56:16.613166;80.0;64.66
13:56:16.712599;80.0;64.66
13:56:16.813513;80.0;75.97
13:56:16.913652;80.0;80.46
13:56:17.013226;80.0;79.85
13:56:17.113134;80.0;81.97
13:56:17.213892;80.0;83.92
13:56:17.313711;80.0;84.05
13:56:17.413740;80.0;85.66
13:56:17.513869;80.0;85.66
13:56:17.614094;80.0;85.66
13:56:17.713666;80.0;85.66
13:56:17.813674;80.0;85.66
13:56:17.913738;80.0;85.66
13:56:18.014026;80.0;85.66
13:56:18.113786;80.0;85.66
13:56:18.213601;80.0;85.66
13:56:18.313069;80.0;85.66
13:56:18.414180;80.0;84.97
13:56:18.513115;80.0;85.88
13:56:18.613698;80.0;85.66
13:56:18.713877;80.0;84.97
13:56:18.814030;80.0;85.88
13:56:18.913878;80.0;85.88
13:56:19.013782;80.0;85.66
13:56:19.113515;80.0;85.66
13:56:19.213779;80.0;84.97
13:56:19.313617;80.0;83.92
13:56:19.413622;80.0;87.03
13:56:19.513306;80.0;83.48
13:56:19.613306;80.0;83.92
13:56:19.713391;80.0;85.88
13:56:19.813532;80.0;85.88
13:56:19.913175;80.0;85.66
13:56:20.013227;80.0;85.66
13:56:20.112507;80.0;84.97
13:56:20.212943;80.0;83.92
13:56:20.314199;80.0;85.66
13:56:20.413479;80.0;85.66
13:56:20.513598;80.0;84.97
13:56:20.613925;80.0;85.88
13:56:20.713872;80.0;83.92
13:56:20.814112;80.0;83.92
13:56:20.913763;80.0;84.05
13:56:21.013049;80.0;84.05
13:56:21.114219;80.0;84.05
13:56:21.213499;80.0;86.82
13:56:21.313233;80.0;87.03
13:56:21.413504;80.0;85.66
13:56:21.513755;80.0;84.97
13:56:21.613296;80.0;85.88
13:56:21.713479;80.0;85.88
13:56:21.813306;80.0;85.66
13:56:21.912637;80.0;86.82
13:56:22.013540;80.0;85.66
13:56:22.113289;80.0;85.66
13:56:22.213277;80.0;86.82
13:56:22.312630;80.0;85.88
13:56:22.413033;80.0;85.66
13:56:22.514173;80.0;86.82
13:56:22.612606;80.0;85.66
13:56:22.713690;80.0;85.66
13:56:22.814050;80.0;85.66
13:56:22.914237;80.0;86.82
13:56:23.013099;80.0;85.88
13:56:23.114144;80.0;83.92
13:56:23.214186;80.0;85.66
13:56:23.313405;80.0;85.66
13:56:23.413402;80.0;85.66
13:56:23.513500;80.0;86.82
13:56:23.613549;80.0;85.88
13:56:23.713366;80.0;85.66
13:56:23.813267;80.0;85.66
13:56:23.912900;80.0;84.97
13:56:24.013931;80.0;85.88
13:56:24.113743;80.0;85.88
13:56:24.213890;80.0;85.88
13:56:24.314052;80.0;85.66
13:56:24.413833;80.0;87.03
13:56:24.513992;80.0;83.48
13:56:24.614136;80.0;85.66
13:56:24.713515;80.0;84.97
13:56:24.812968;80.0;85.66
13:56:24.913486;80.0;85.66
13:56:25.013369;80.0;84.97
13:56:25.113104;80.0;85.66
13:56:25.213485;80.0;84.97
13:56:25.313268;80.0;83.92
13:56:25.413203;80.0;85.88
13:56:25.512554;80.0;85.66
13:56:25.613477;80.0;85.66
13:56:25.713109;80.0;85.66
13:56:25.813969;80.0;84.97
13:56:25.913891;80.0;83.92
13:56:26.013606;80.0;85.88
13:56:26.113926;80.0;85.66
13:56:26.213416;80.0;86.82
13:56:26.313543;80.0;85.66
13:56:26.413276;80.0;85.66
13:56:26.513126;80.0;85.66
13:56:26.613561;80.0;85.66
13:56:26.712923;80.0;86.82
13:56:26.814032;80.0;85.66
13:56:26.913465;80.0;85.66
13:56:27.013660;80.0;85.66
13:56:27.113464;80.0;84.97
13:56:27.213633;80.0;85.66
13:56:27.313255;80.0;84.97
13:56:27.413223;80.0;83.92
13:56:27.512596;80.0;85.88
13:56:27.613753;80.0;85.88
13:56:27.713295;80.0;83.92
13:56:27.813322;80.0;85.88
13:56:27.913225;80.0;85.66
13:56:28.013337;80.0;85.66
13:56:28.113530;80.0;86.82
13:56:28.213478;80.0;85.88
13:56:28.313592;80.0;85.88
13:56:28.413398;80.0;85.66
13:56:28.512815;80.0;84.97
13:56:28.613939;80.0;85.88
13:56:28.713513;80.0;85.66
13:56:28.813627;80.0;84.97
13:56:28.913646;80.0;85.88
13:56:29.013357;80.0;85.66
13:56:29.113219;80.0;84.97
13:56:29.212974;80.0;83.92
13:56:29.313378;80.0;85.88
13:56:29.413454;80.0;85.66
13:56:29.513275;80.0;85.66
13:56:29.613436;80.0;84.97
13:56:29.713468;80.0;83.92
13:56:29.813317;80.0;85.66
13:56:29.913440;80.0;85.66
13:56:30.013469;80.0;86.82
13:56:30.112964;80.0;85.66
13:56:30.214001;80.0;85.66
13:56:30.314215;80.0;85.66
13:56:30.412747;80.0;85.66
13:56:30.513867;80.0;85.66
13:56:30.613701;80.0;85.66
13:56:30.713949;80.0;85.66
13:56:30.813749;80.0;85.66
13:56:30.913799;80.0;85.66
13:56:31.013543;80.0;85.66
13:56:31.113646;80.0;84.97
13:56:31.213562;80.0;85.66
13:56:31.313734;80.0;84.97
13:56:31.413926;80.0;85.88
13:56:31.513576;80.0;85.66
13:56:31.613376;10.0;85.66
13:56:31.712892;10.0;86.82
13:56:31.814052;10.0;80.02
13:56:31.914090;10.0;78.07
13:56:32.014054;10.0;71.12
13:56:32.113962;10.0;70.19
13:56:32.213592;10.0;66.36
13:56:32.313601;10.0;62.46
13:56:32.413787;10.0;58.19
13:56:32.514045;10.0;56.57
13:56:32.613686;10.0;53.34
13:56:32.713278;10.0;51.72
13:56:32.812964;10.0;50.10
13:56:32.913964;10.0;48.03
13:56:33.014451;10.0;46.87
13:56:33.113616;10.0;46.18
13:56:33.213318;10.0;43.64
13:56:33.313470;10.0;42.48
13:56:33.413056;10.0;42.94
13:56:33.514022;10.0;40.99
13:56:33.614023;10.0;39.03
13:56:33.714092;10.0;39.03
13:56:33.813985;10.0;39.41
13:56:33.913831;10.0;38.11
13:56:34.013827;10.0;37.17
13:56:34.113679;10.0;35.56
13:56:34.213783;10.0;36.94
13:56:34.314016;10.0;37.08
13:56:34.413745;10.0;37.77
13:56:34.513679;10.0;34.48
13:56:34.613763;10.0;35.56
13:56:34.713414;10.0;36.94
13:56:34.813461;10.0;35.56
13:56:34.913527;10.0;35.56
13:56:35.013043;10.0;35.56
13:56:35.113587;10.0;33.94
13:56:35.213421;10.0;35.56
13:56:35.313649;10.0;33.25
13:56:35.413887;10.0;33.94
13:56:35.513534;10.0;35.10
13:56:35.613683;10.0;33.18
13:56:35.713565;10.0;33.94
13:56:35.813218;10.0;35.10
13:56:35.913391;10.0;33.94
13:56:36.013568;10.0;35.10
13:56:36.113233;10.0;33.18
13:56:36.213061;10.0;33.94
13:56:36.313772;10.0;35.10
13:56:36.413835;10.0;35.56
13:56:36.513918;10.0;33.25
13:56:36.613954;10.0;35.56
13:56:36.713502;10.0;35.10
13:56:36.813729;10.0;35.13
13:56:36.913406;10.0;35.13
13:56:37.013589;10.0;35.56
13:56:37.113431;10.0;33.94
13:56:37.213436;10.0;33.94
13:56:37.313574;10.0;33.94
13:56:37.413506;10.0;35.10
13:56:37.513471;10.0;35.56
13:56:37.613470;10.0;35.56
13:56:37.713612;10.0;33.94
13:56:37.813216;10.0;35.10
13:56:37.913194;10.0;35.13
13:56:38.012752;10.0;35.56
13:56:38.113640;10.0;35.10
13:56:38.213218;10.0;35.13
13:56:38.313363;10.0;35.56
13:56:38.412964;10.0;33.25
13:56:38.513954;10.0;33.94
13:56:38.613528;10.0;33.94
13:56:38.712813;10.0;33.94
13:56:38.813534;10.0;35.10
13:56:38.913613;10.0;33.18
13:56:39.013699;10.0;35.13
13:56:39.113287;10.0;35.13
13:56:39.213570;10.0;35.13
13:56:39.313109;10.0;35.56
13:56:39.414232;10.0;35.10
13:56:39.513454;10.0;33.94
13:56:39.613519;10.0;35.10
13:56:39.713532;10.0;35.56
13:56:39.813669;10.0;35.10
13:56:39.913308;10.0;35.13
13:56:40.013197;10.0;33.94
13:56:40.112866;10.0;35.56
13:56:40.214094;10.0;35.56
13:56:40.313709;10.0;35.10
13:56:40.413713;10.0;35.13
13:56:40.513651;10.0;35.56
13:56:40.613956;10.0;33.25
13:56:40.713829;10.0;33.94
13:56:40.813782;10.0;33.94
13:56:40.913364;10.0;35.56
13:56:41.013426;10.0;33.94
13:56:41.112923;10.0;35.10
13:56:41.213844;10.0;35.56
13:56:41.313494;10.0;33.25
13:56:41.413691;10.0;35.13
13:56:41.513863;10.0;35.56
13:56:41.613340;10.0;35.56
13:56:41.713248;10.0;35.10
13:56:41.812950;10.0;35.13
13:56:41.914127;10.0;33.18
13:56:42.013857;10.0;35.13
13:56:42.113773;10.0;33.94
13:56:42.213538;10.0;35.56
13:56:42.313662;10.0;35.56
13:56:42.413727;10.0;33.94
13:56:42.513983;10.0;35.10
13:56:42.613649;10.0;33.18
13:56:42.713771;10.0;33.94
13:56:42.814018;10.0;35.10
13:56:42.913709;10.0;35.56
13:56:43.014054;10.0;33.94
13:56:43.113353;10.0;35.56
13:56:43.213625;10.0;33.94
13:56:43.314338;10.0;35.10
13:56:43.413511;10.0;35.13
13:56:43.513728;10.0;33.94
13:56:43.613906;10.0;33.94
13:56:43.714566;10.0;35.10
13:56:43.813404;10.0;33.94
13:56:43.913244;10.0;35.56
13:56:44.014004;10.0;33.25
13:56:44.114057;10.0;33.94
13:56:44.214446;10.0;35.10
13:56:44.314409;10.0;33.18
13:56:44.413710;10.0;33.94
13:56:44.513209;10.0;35.56
13:56:44.613101;10.0;35.10
13:56:44.714263;10.0;33.94
13:56:44.812721;10.0;35.10
13:56:44.913882;10.0;35.13
13:56:45.013894;10.0;35.13
13:56:45.113815;10.0;35.56
13:56:45.213856;10.0;35.10
13:56:45.313560;10.0;35.56
13:56:45.413308;10.0;35.56
13:56:45.512885;10.0;35.10
13:56:45.613907;10.0;35.13
13:56:45.713633;10.0;35.13
13:56:45.813782;10.0;33.94
13:56:45.913657;10.0;35.10
13:56:46.013298;10.0;35.13
13:56:46.113262;10.0;35.13
13:56:46.213130;10.0;33.18
13:56:46.314147;10.0;35.13
13:56:46.412816;10.0;35.13
13:56:46.513554;10.0;33.18
13:56:46.613147;50.0;35.13
13:56:46.713045;50.0;37.08
13:56:46.814187;50.0;48.79
13:56:46.912762;50.0;56.57
13:56:47.013620;50.0;59.80
13:56:47.113224;50.0;61.42
13:56:47.213151;50.0;62.81
13:56:47.313227;50.0;63.03
13:56:47.413159;50.0;64.66
13:56:47.529838;50.0;64.66
13:56:47.613395;50.0;64.66
13:56:47.713054;50.0;64.41
13:56:47.813931;50.0;64.41
13:56:47.913778;50.0;64.41
13:56:48.013607;50.0;64.41
13:56:48.113036;50.0;64.41
13:56:48.213979;50.0;64.66
13:56:48.313217;50.0;64.66
13:56:48.412774;50.0;64.66
13:56:48.513743;50.0;64.66
13:56:48.613928;50.0;64.66
13:56:48.713951;50.0;64.66
13:56:48.813433;50.0;66.27
13:56:48.913291;50.0;64.66
13:56:49.013441;50.0;64.41
13:56:49.113138;50.0;64.66
13:56:49.212461;50.0;66.50
13:56:49.313363;50.0;66.27
13:56:49.412830;50.0;64.66
13:56:49.513844;50.0;66.27
13:56:49.613859;50.0;64.66
13:56:49.713749;50.0;64.66
13:56:49.813675;50.0;64.66
13:56:49.913373;50.0;64.66
13:56:50.013153;50.0;66.27
13:56:50.113199;50.0;64.66
13:56:50.213273;50.0;64.41
13:56:50.313199;50.0;64.41
13:56:50.413470;50.0;64.66
13:56:50.512919;50.0;64.66
13:56:50.613938;50.0;64.66
13:56:50.714478;50.0;64.66
13:56:50.813469;50.0;64.66
13:56:50.913322;50.0;66.27
13:56:51.013214;50.0;64.66
13:56:51.113078;50.0;66.50
13:56:51.213955;50.0;64.41
13:56:51.313868;50.0;64.66
13:56:51.413664;50.0;66.27
13:56:51.513639;50.0;64.66
13:56:51.613834;50.0;66.27
13:56:51.713895;50.0;64.66
13:56:51.813765;50.0;66.50
13:56:51.913775;50.0;64.41
13:56:52.013865;50.0;64.66
13:56:52.113747;50.0;66.27
13:56:52.213709;50.0;64.66
13:56:52.314001;50.0;64.66
13:56:52.414071;50.0;64.66
13:56:52.513590;50.0;64.41
13:56:52.613726;50.0;66.27
13:56:52.713820;50.0;64.66
13:56:52.813754;50.0;64.66
13:56:52.913675;50.0;64.66
13:56:53.013704;50.0;64.66
13:56:53.113954;50.0;64.66
13:56:53.213738;50.0;64.66
13:56:53.313638;50.0;64.66
13:56:53.413275;50.0;64.41
13:56:53.513086;50.0;64.41
13:56:53.614167;50.0;64.66
13:56:53.712872;50.0;66.27
13:56:53.813940;50.0;64.66
13:56:53.914114;50.0;66.27
13:56:54.014179;50.0;64.66
13:56:54.113201;50.0;64.41
13:56:54.212641;50.0;64.66
13:56:54.313672;50.0;64.66
13:56:54.413216;50.0;64.66
13:56:54.513258;50.0;66.27
13:56:54.612910;50.0;64.66
13:56:54.713882;50.0;66.27
13:56:54.814163;50.0;64.66
13:56:54.913238;50.0;64.66
13:56:55.012946;50.0;64.66
13:56:55.113915;50.0;64.66
13:56:55.213947;50.0;66.36
13:56:55.313832;50.0;64.41
13:56:55.413679;50.0;66.36
13:56:55.513181;50.0;64.41
13:56:55.613128;50.0;66.36
13:56:55.713338;50.0;64.66
13:56:55.813510;50.0;64.66
13:56:55.912736;50.0;64.66
13:56:56.013306;50.0;66.36
13:56:56.113475;50.0;64.66
13:56:56.213205;50.0;66.50
13:56:56.313305;50.0;64.66
13:56:56.412686;50.0;66.50
13:56:56.513847;50.0;64.41
13:56:56.613831;48.0;64.66
13:56:56.713675;48.0;64.66
13:56:56.813789;48.0;64.66
13:56:56.913662;48.0;64.41
13:56:57.013292;48.0;64.41
13:56:57.113419;48.0;62.46
13:56:57.213415;48.0;64.66
13:56:57.313199;48.0;63.03
13:56:57.413182;48.0;64.66
13:56:57.513390;48.0;64.41
13:56:57.613234;48.0;62.46
13:56:57.716756;48.0;62.46
13:56:57.813695;48.0;62.46
13:56:57.913664;48.0;62.46
13:56:58.013423;48.0;63.03
13:56:58.113259;48.0;63.03
13:56:58.213716;48.0;64.66
13:56:58.314680;48.0;62.46
13:56:58.413599;48.0;62.46
13:56:58.513005;48.0;62.46
13:56:58.613682;48.0;63.03
13:56:58.713729;52.0;63.03
13:56:58.813599;52.0;64.66
13:56:58.913737;52.0;64.66
13:56:59.013883;52.0;64.66
13:56:59.113504;52.0;66.50
13:56:59.213713;52.0;66.27
13:56:59.313898;52.0;66.50
13:56:59.413624;52.0;66.36
13:56:59.513711;52.0;66.36
13:56:59.613622;52.0;66.36
13:56:59.713455;52.0;64.66
13:56:59.812863;52.0;66.27
13:56:59.914035;52.0;66.50
13:57:00.099917;52.0;66.36
13:57:00.126919;52.0;66.27
13:57:00.214858;52.0;66.27
13:57:00.313895;52.0;66.27
13:57:00.413464;52.0;66.50
13:57:00.513617;52.0;66.36
13:57:00.613855;52.0;66.27
13:57:00.713216;46.0;66.50
13:57:00.813321;46.0;64.66
13:57:00.912841;46.0;66.27
13:57:01.013939;46.0;64.66
13:57:01.113510;46.0;63.03
13:57:01.213482;46.0;64.66
13:57:01.313051;46.0;63.03
13:57:01.414135;46.0;63.03
13:57:01.512770;46.0;61.42
13:57:01.614013;46.0;62.81
13:57:01.713996;46.0;62.46
13:57:01.813695;46.0;63.03
13:57:01.913790;46.0;62.81
13:57:02.014186;46.0;62.46
13:57:02.113464;46.0;62.46
13:57:02.213145;46.0;60.50
13:57:02.313232;46.0;61.42
13:57:02.412758;46.0;62.81
13:57:02.512985;46.0;61.42
13:57:02.614151;46.0;62.81
13:57:02.713189;54.0;60.50
13:57:02.813304;54.0;63.03
13:57:02.913204;54.0;64.66
13:57:03.013185;54.0;66.27
13:57:03.113304;54.0;66.27
13:57:03.212843;54.0;66.50
13:57:03.313180;54.0;67.88
13:57:03.412737;54.0;67.88
13:57:03.513651;54.0;66.50
13:57:03.613573;54.0;67.88
13:57:03.713810;54.0;68.34
13:57:03.813970;54.0;67.88
13:57:03.913447;54.0;68.34
13:57:04.013630;54.0;67.88
13:57:04.113190;54.0;67.88
13:57:04.213226;54.0;68.34
13:57:04.312881;54.0;66.36
13:57:04.414103;54.0;67.88
13:57:04.513751;54.0;66.50
13:57:04.613712;54.0;67.88
13:57:04.713673;44.0;66.50
13:57:04.813132;44.0;66.27
13:57:04.913427;44.0;64.66
13:57:05.013482;44.0;64.66
13:57:05.113461;44.0;63.03
13:57:05.213068;44.0;64.66
13:57:05.313693;44.0;62.46
13:57:05.412922;44.0;60.50
13:57:05.513550;44.0;62.46
13:57:05.613529;44.0;61.42
13:57:05.713390;44.0;60.96
13:57:05.813240;44.0;60.50
13:57:05.913032;44.0;60.50
13:57:06.013965;44.0;60.50
13:57:06.113603;44.0;60.50
13:57:06.213487;44.0;61.42
13:57:06.313304;44.0;60.96
13:57:06.413275;44.0;62.46
13:57:06.513058;44.0;61.42
13:57:06.613912;44.0;61.42
13:57:06.713904;56.0;61.42
13:57:06.814204;56.0;59.11
13:57:06.912760;56.0;64.41
13:57:07.013485;56.0;66.27
13:57:07.113216;56.0;66.50
13:57:07.212953;56.0;67.88
13:57:07.313683;56.0;67.88
13:57:07.413491;56.0;67.88
13:57:07.513309;56.0;67.88
13:57:07.612949;56.0;68.34
13:57:07.713906;56.0;68.31
13:57:07.813947;56.0;69.50
13:57:07.913974;56.0;68.34
13:57:08.013990;56.0;67.88
13:57:08.113605;56.0;67.88
13:57:08.213284;56.0;70.19
13:57:08.312974;56.0;68.31
13:57:08.413663;56.0;68.31
13:57:08.513490;56.0;69.50
13:57:08.613251;56.0;67.88
13:57:08.712854;50.0;69.50
13:57:08.813758;50.0;69.50
13:57:08.913980;50.0;68.34
13:57:09.013612;50.0;67.88
13:57:09.113663;50.0;66.27
13:57:09.212940;50.0;66.50
13:57:09.314211;50.0;64.66
13:57:09.413401;50.0;66.50
13:57:09.513581;50.0;64.41
13:57:09.613749;50.0;64.66
13:57:09.713914;50.0;66.50
13:57:09.813536;50.0;64.41
13:57:09.913207;50.0;64.66
13:57:10.013603;50.0;64.66
13:57:10.113065;50.0;64.41
13:57:10.213713;50.0;64.41
13:57:10.313671;50.0;64.41
13:57:10.413776;50.0;66.27
13:57:10.513257;50.0;64.66
13:57:10.613275;50.0;64.41
13:57:10.713842;50.0;64.41
13:57:10.813823;50.0;64.66
13:57:10.913355;50.0;66.50
13:57:11.013258;50.0;64.41
13:57:11.113115;50.0;64.41
13:57:11.213110;50.0;64.41
13:57:11.314405;50.0;64.66
13:57:11.412935;50.0;64.66
13:57:11.513920;50.0;64.66
13:57:11.613695;50.0;64.66
13:57:11.713747;50.0;66.50
13:57:11.813752;50.0;64.41
13:57:11.913835;50.0;64.41
13:57:12.013233;50.0;64.66
13:57:12.112721;50.0;64.66
13:57:12.213566;50.0;66.36
13:57:12.313228;50.0;64.41
13:57:12.413380;50.0;66.27
13:57:12.513046;50.0;64.66
13:57:12.613562;50.0;64.41
13:57:12.713021;50.0;64.66
13:57:12.813967;50.0;64.66
13:57:12.913445;50.0;64.66
13:57:13.013451;50.0;64.66
13:57:13.113112;50.0;64.66
13:57:13.212912;50.0;64.66
13:57:13.313837;50.0;64.66
13:57:13.413679;50.0;66.27
13:57:13.513773;50.0;64.66
13:57:13.613301;50.0;64.66
13:57:13.713124;50.0;64.66
13:57:13.813519;50.0;64.41
13:57:13.913520;50.0;64.41
13:57:14.013606;50.0;66.36
13:57:14.113074;50.0;64.66
13:57:14.213981;50.0;64.66
13:57:14.313566;50.0;64.66
13:57:14.413579;50.0;64.66
13:57:14.513184;50.0;66.27
13:57:14.613204;50.0;64.66
13:57:14.713011;50.0;64.66
13:57:14.814074;50.0;66.50
13:57:14.914078;50.0;64.66
13:57:15.013673;50.0;64.66
13:57:15.113819;50.0;66.36
13:57:15.213232;50.0;64.66
13:57:15.312592;50.0;64.66
13:57:15.413659;50.0;64.66
13:57:15.513278;50.0;64.66
13:57:15.613582;50.0;66.27
13:57:15.713409;50.0;64.66
13:57:15.813428;50.0;64.66
13:57:15.913277;50.0;64.66
13:57:16.013206;50.0;64.66
13:57:16.113058;50.0;64.66
13:57:16.214145;50.0;66.50
13:57:16.312699;50.0;64.66
13:57:16.413644;50.0;66.27
13:57:16.513317;50.0;64.66
13:57:16.613004;50.0;64.41
13:57:16.713567;51.27877162;66.27
13:57:16.813738;52.53654584;64.66
13:57:16.913806;53.75267005;64.66
13:57:17.013284;54.90717552;64.41
13:57:17.113166;55.9811053;66.27
13:57:17.213280;56.95682551;67.88
13:57:17.313180;57.81831482;66.50
13:57:17.413225;58.55142763;67.88
13:57:17.513118;59.14412623;69.50
13:57:17.613350;59.58667853;70.19
13:57:17.713125;59.87181783;71.12
13:57:17.813391;59.99486216;71.12
13:57:17.912660;59.95379113;71.12
13:57:18.013331;59.74927912;71.12
13:57:18.113169;59.38468422;72.04
13:57:18.212723;58.86599306;71.12
13:57:18.313633;58.20172255;71.12
13:57:18.413275;57.40277997;72.04
13:57:18.513442;56.48228395;70.26
13:57:18.613275;55.45534901;71.12
13:57:18.713305;54.33883739;70.19
13:57:18.812747;53.15108218;69.50
13:57:18.913678;51.91158629;70.19
13:57:19.013801;50.6407022;68.31
13:57:19.113839;49.3592978;67.88
13:57:19.213561;48.08841371;66.50
13:57:19.313604;46.84891782;66.36
13:57:19.413347;45.66116261;66.36
13:57:19.513327;44.54465099;64.41
13:57:19.612993;43.51771605;64.66
13:57:19.714206;42.59722003;62.81
13:57:19.813330;41.79827745;61.42
13:57:19.913688;41.13400694;62.81
13:57:20.014120;40.61531578;60.50
13:57:20.112534;40.25072088;59.80
13:57:20.213805;40.04620887;59.80
13:57:20.313992;40.00513784;59.80
13:57:20.413711;40.12818217;59.11
13:57:20.513410;40.41332147;58.19
13:57:20.613311;40.85587377;59.11
13:57:20.713013;41.44857237;58.19
13:57:20.813521;42.18168518;58.19
13:57:20.913666;43.04317449;58.19
13:57:21.013849;44.0188947;59.80
13:57:21.113993;45.09282448;59.11
13:57:21.214083;46.24732995;59.80
13:57:21.314372;47.46345416;59.11
13:57:21.412839;48.72122838;58.55
13:57:21.513901;50.0;61.42
13:57:21.613587;51.27877162;62.81
13:57:21.713256;52.53654584;62.46
13:57:21.813196;53.75267005;64.66
13:57:21.912473;54.90717552;66.27
13:57:22.013882;55.9811053;66.27
13:57:22.113224;56.95682551;66.27
13:57:22.213545;57.81831482;68.34
13:57:22.313985;58.55142763;69.50
13:57:22.414330;59.14412623;69.50
13:57:22.513327;59.58667853;69.50
13:57:22.613400;59.87181783;71.12
13:57:22.713719;59.99486216;71.12
13:57:22.813380;59.95379113;71.12
13:57:22.913464;59.74927912;72.04
13:57:23.013199;59.38468422;71.12
13:57:23.113207;58.86599306;71.12
13:57:23.213005;58.20172255;71.12
13:57:23.313975;57.40277997;72.04
13:57:23.413892;56.48228395;70.26
13:57:23.514119;55.45534901;71.12
13:57:23.613054;54.33883739;71.12
13:57:23.714090;53.15108218;71.12
13:57:23.813711;51.91158629;68.34
13:57:23.913912;50.6407022;69.50
13:57:24.013987;49.3592978;67.88
13:57:24.113490;48.08841371;66.50
13:57:24.213394;46.84891782;66.27
13:57:24.312925;45.66116261;66.27
13:57:24.414090;44.54465099;64.66
13:57:24.513936;43.51771605;64.66
13:57:24.613652;42.59722003;62.46
13:57:24.713475;41.79827745;63.03
13:57:24.812919;41.13400694;60.96
13:57:24.913915;40.61531578;61.42
13:57:25.013865;40.25072088;59.80
13:57:25.113602;40.04620887;59.80
13:57:25.213692;40.00513784;59.11
13:57:25.313851;40.12818217;58.19
13:57:25.413918;40.41332147;58.19
13:57:25.513579;40.85587377;58.19
13:57:25.613882;41.44857237;59.11
13:57:25.714089;42.18168518;58.19
13:57:25.813409;43.04317449;59.11
13:57:25.913301;44.0188947;58.19
13:57:26.012760;45.09282448;59.11
13:57:26.113389;46.24732995;59.80
13:57:26.213466;47.46345416;61.42
13:57:26.313282;48.72122838;59.80
13:57:26.412941;50.0;62.81
13:57:26.513930;52.53654584;62.46
13:57:26.614203;54.90717552;62.46
13:57:26.712851;56.95682551;62.46
13:57:26.813808;58.55142763;66.27
13:57:26.914070;59.58667853;68.34
13:57:27.013705;59.99486216;68.31
13:57:27.113902;59.74927912;68.31
13:57:27.214085;58.86599306;70.26
13:57:27.314168;57.40277997;70.26
13:57:27.412721;55.45534901;68.31
13:57:27.513930;53.15108218;69.50
13:57:27.613845;50.6407022;70.19
13:57:27.713653;48.08841371;69.50
13:57:27.813532;45.66116261;67.88
13:57:27.912972;43.51771605;66.27
13:57:28.014168;41.79827745;64.66
13:57:28.142384;40.61531578;64.66
13:57:28.213703;40.04620887;63.03
13:57:28.313793;40.12818217;60.96
13:57:28.413725;40.85587377;61.42
13:57:28.513675;42.18168518;59.11
13:57:28.613268;44.0188947;59.80
13:57:28.712838;46.24732995;60.96
13:57:28.813335;48.72122838;61.42
13:57:28.912786;51.27877162;61.42
13:57:29.014903;53.75267005;61.42
13:57:29.113716;55.9811053;62.81
13:57:29.213585;57.81831482;64.41
13:57:29.313797;59.14412623;67.88
13:57:29.426581;59.87181783;68.34
13:57:29.513427;59.95379113;69.50
13:57:29.612900;59.38468422;71.12
13:57:29.713568;58.20172255;71.12
13:57:29.813223;56.48228395;70.19
13:57:29.914064;54.33883739;69.50
13:57:30.014045;51.91158629;72.04
13:57:30.113737;49.3592978;69.50
13:57:30.213470;46.84891782;67.88
13:57:30.313443;44.54465099;67.88
13:57:30.412887;42.59722003;66.50
13:57:30.513806;41.13400694;64.66
13:57:30.613193;40.25072088;63.03
13:57:30.713375;40.00513784;61.42
13:57:30.813429;40.41332147;62.81
13:57:30.913610;41.44857237;60.50
13:57:31.013459;43.04317449;59.80
13:57:31.113451;45.09282448;59.80
13:57:31.213238;47.46345416;59.11
13:57:31.313234;50.0;61.42
13:57:31.412709;52.53654584;60.96
13:57:31.513989;54.90717552;60.50
13:57:31.614190;56.95682551;62.46
13:57:31.713140;58.55142763;64.41
13:57:31.812868;59.58667853;66.36
13:57:31.913939;59.99486216;69.50
13:57:32.013509;59.74927912;70.19
13:57:32.113235;58.86599306;71.12
13:57:32.212849;57.40277997;70.19
13:57:32.313800;55.45534901;70.26
13:57:32.413926;53.15108218;69.50
13:57:32.513506;50.6407022;71.12
13:57:32.613453;48.08841371;68.34
13:57:32.713659;45.66116261;67.88
13:57:32.813819;43.51771605;66.50
13:57:32.913651;41.79827745;64.41
13:57:33.013589;40.61531578;64.41
13:57:33.113508;40.04620887;62.46
13:57:33.213143;40.12818217;63.03
13:57:33.313232;40.85587377;60.96
13:57:33.413265;42.18168518;59.80
13:57:33.513427;44.0188947;60.96
13:57:33.613268;46.24732995;61.42
13:57:33.713575;48.72122838;59.11
13:57:33.813600;51.27877162;61.42
13:57:33.913641;53.75267005;62.81
13:57:34.013343;55.9811053;64.66
13:57:34.113506;57.81831482;64.66
13:57:34.213099;59.14412623;67.88
13:57:34.312394;59.87181783;69.50
13:57:34.413535;59.95379113;68.34
13:57:34.513648;59.38468422;71.12
13:57:34.613889;58.20172255;71.12
13:57:34.713779;56.48228395;71.12
13:57:34.813741;54.33883739;70.19
13:57:34.913694;51.91158629;68.31
13:57:35.013654;49.3592978;69.50
13:57:35.113357;46.84891782;70.19
13:57:35.213045;44.54465099;66.27
13:57:35.313785;42.59722003;66.27
13:57:35.413102;41.13400694;66.50
13:57:35.512463;40.25072088;62.46
13:57:35.613206;40.00513784;62.46
13:57:35.712648;40.41332147;61.42
13:57:35.813607;41.44857237;60.96
13:57:35.913830;43.04317449;60.50
13:57:36.014189;45.09282448;61.42
13:57:36.113038;47.46345416;59.80
13:57:36.213824;50.0;59.80
13:57:36.313596;53.75267005;63.03
13:57:36.413249;56.95682551;60.96
13:57:36.513192;59.14412623;62.46
13:57:36.612962;59.99486216;67.88
13:57:36.713499;59.38468422;67.88
13:57:36.813172;57.40277997;69.50
13:57:36.913203;54.33883739;70.19
13:57:37.013314;50.6407022;69.50
13:57:37.113071;46.84891782;70.19
13:57:37.214222;43.51771605;67.88
13:57:37.312743;41.13400694;66.27
13:57:37.413565;40.04620887;66.27
13:57:37.513065;40.41332147;62.81
13:57:37.614110;42.18168518;63.03
13:57:37.713142;45.09282448;60.96
13:57:37.813237;48.72122838;58.55
13:57:37.912836;52.53654584;61.42
13:57:38.013790;55.9811053;62.81
13:57:38.113655;58.55142763;62.46
13:57:38.213357;59.87181783;67.88
13:57:38.313435;59.74927912;67.88
13:57:38.412800;58.20172255;70.19
13:57:38.513932;55.45534901;70.26
13:57:38.613456;51.91158629;70.26
13:57:38.713344;48.08841371;68.31
13:57:38.812865;44.54465099;67.88
13:57:38.913974;41.79827745;66.27
13:57:39.013616;40.25072088;66.50
13:57:39.113616;40.12818217;62.46
13:57:39.213087;41.44857237;63.03
13:57:39.313194;44.0188947;61.42
13:57:39.412770;47.46345416;61.42
13:57:39.513301;51.27877162;60.96
13:57:39.613300;54.90717552;60.50
13:57:39.713164;57.81831482;62.46
13:57:39.812771;59.58667853;64.41
13:57:39.913594;59.95379113;67.88
13:57:40.013110;58.86599306;68.34
13:57:40.113172;56.48228395;68.31
13:57:40.212913;53.15108218;71.12
13:57:40.313773;49.3592978;70.19
13:57:40.413727;45.66116261;68.31
13:57:40.513553;42.59722003;67.88
13:57:40.613284;40.61531578;66.27
13:57:40.712776;40.00513784;64.66
13:57:40.814027;40.85587377;63.03
13:57:40.913889;43.04317449;61.42
13:57:41.013634;46.24732995;62.81
13:57:41.113274;50.0;60.50
13:57:41.213074;53.75267005;60.50
13:57:41.313725;56.95682551;62.46
13:57:41.413441;59.14412623;64.41
13:57:41.513576;59.99486216;66.36
13:57:41.613760;59.38468422;69.50
13:57:41.713612;57.40277997;70.19
13:57:41.813244;54.33883739;69.50
13:57:41.913155;50.6407022;71.12
13:57:42.013454;46.84891782;70.19
13:57:42.113142;43.51771605;67.88
13:57:42.213037;41.13400694;66.27
13:57:42.314334;40.04620887;66.50
13:57:42.413390;40.41332147;64.41
13:57:42.513078;42.18168518;60.50
13:57:42.614021;45.09282448;62.46
13:57:42.713664;48.72122838;61.42
13:57:42.813670;52.53654584;63.03
13:57:42.913505;55.9811053;60.96
13:57:43.013092;58.55142763;66.27
13:57:43.113210;59.87181783;64.66
13:57:43.212638;59.74927912;66.36
13:57:43.313411;58.20172255;68.31
13:57:43.413477;55.45534901;69.50
13:57:43.513405;51.91158629;71.12
13:57:43.613662;48.08841371;69.50
13:57:43.713043;44.54465099;69.46
13:57:43.814092;41.79827745;68.28
13:57:43.912702;40.25072088;66.50
13:57:44.013723;40.12818217;64.14
13:57:44.113848;41.44857237;62.07
13:57:44.213457;44.0188947;63.03
13:57:44.313355;47.46345416;60.96
13:57:44.413394;51.27877162;60.50
13:57:44.513381;54.90717552;61.42
13:57:44.613450;57.81831482;64.66
13:57:44.713028;59.58667853;66.27
13:57:44.814072;59.95379113;66.50
13:57:44.914247;58.86599306;69.50
13:57:45.012873;56.48228395;70.19
13:57:45.113921;53.15108218;71.12
13:57:45.213957;49.3592978;69.50
13:57:45.313737;45.66116261;70.19
13:57:45.413431;42.59722003;66.50
13:57:45.513350;40.61531578;66.27
13:57:45.613483;40.00513784;65.02
13:57:45.713593;40.85587377;63.54
13:57:45.813329;43.04317449;62.07
13:57:45.913232;46.24732995;60.50
13:57:46.012926;50.0;60.50
13:57:46.114067;54.90717552;62.46
13:57:46.214063;58.55142763;62.46
13:57:46.313543;59.99486216;67.88
13:57:46.413563;58.86599306;69.50
13:57:46.513159;55.45534901;70.93
13:57:46.612512;50.6407022;71.12
13:57:46.713112;45.66116261;70.19
13:57:46.813200;41.79827745;68.31
13:57:46.913315;40.04620887;66.27
13:57:47.012791;40.85587377;64.66
13:57:47.114161;44.0188947;62.46
13:57:47.212789;48.72122838;62.46
13:57:47.313960;53.75267005;62.46
13:57:47.414065;57.81831482;62.46
13:57:47.513654;59.87181783;66.03
13:57:47.613323;59.38468422;67.98
13:57:47.712883;56.48228395;69.46
13:57:47.813992;51.91158629;70.34
13:57:47.913498;46.84891782;68.23
13:57:48.013746;42.59722003;69.46
13:57:48.113173;40.25072088;66.21
13:57:48.213302;40.41332147;65.02
13:57:48.313508;43.04317449;64.14
13:57:48.413130;47.46345416;62.07
13:57:48.513178;52.53654584;63.03
13:57:48.613151;56.95682551;60.96
13:57:48.712594;59.58667853;62.46
13:57:48.813368;59.74927912;67.98
13:57:48.913373;57.40277997;68.28
13:57:49.013665;53.15108218;68.23
13:57:49.113813;48.08841371;68.23
13:57:49.213248;43.51771605;67.88
13:57:49.313535;40.61531578;68.34
13:57:49.413236;40.12818217;65.02
13:57:49.513391;42.18168518;64.14
13:57:49.613782;46.24732995;62.07
13:57:49.713654;51.27877162;64.14
13:57:49.813089;55.9811053;63.03
13:57:49.913190;59.14412623;62.81
13:57:50.012743;59.95379113;66.27
13:57:50.113915;58.20172255;69.46
13:57:50.214069;54.33883739;68.28
13:57:50.313626;49.3592978;69.46
13:57:50.413705;44.54465099;67.98
13:57:50.513193;41.13400694;68.28
13:57:50.613248;40.00513784;66.50
13:57:50.713479;41.44857237;66.21
13:57:50.813556;45.09282448;62.46
13:57:50.913105;50.0;62.07
13:57:51.013074;54.90717552;63.03
13:57:51.112837;58.55142763;64.66
13:57:51.213810;59.99486216;64.66
13:57:51.313488;58.86599306;66.03
13:57:51.413433;55.45534901;68.23
13:57:51.513640;50.6407022;68.31
13:57:51.613158;45.66116261;68.31
13:57:51.713139;41.79827745;67.88
13:57:51.813284;40.04620887;66.50
13:57:51.912778;40.85587377;63.83
13:57:52.014027;44.0188947;62.46
13:57:52.114330;48.72122838;62.07
13:57:52.213458;53.75267005;62.07
13:57:52.313550;57.81831482;63.54
13:57:52.413200;59.87181783;65.02
13:57:52.513288;59.38468422;66.21
13:57:52.612839;56.48228395;68.23
13:57:52.714016;51.91158629;69.50
13:57:52.813488;46.84891782;70.19
13:57:52.913793;42.59722003;66.36
13:57:53.013055;40.25072088;66.50
13:57:53.113741;40.41332147;66.21
13:57:53.213695;43.04317449;63.83
13:57:53.313702;47.46345416;61.42
13:57:53.413533;52.53654584;62.81
13:57:53.513103;56.95682551;64.66
13:57:53.612976;59.58667853;66.27
13:57:53.714039;59.74927912;64.66
13:57:53.813416;57.40277997;68.31
13:57:53.913556;53.15108218;69.46
13:57:54.013834;48.08841371;69.50
13:57:54.113439;43.51771605;70.19
13:57:54.213392;40.61531578;66.03
13:57:54.313701;40.12818217;64.66
13:57:54.413847;42.18168518;64.66
13:57:54.513440;46.24732995;62.81
13:57:54.613698;51.27877162;63.54
13:57:54.714069;55.9811053;63.03
13:57:54.813900;59.14412623;62.81
13:57:54.913921;59.95379113;64.41
13:57:55.014093;58.20172255;66.36
13:57:55.113188;54.33883739;69.46
13:57:55.213152;49.3592978;70.34
13:57:55.313282;44.54465099;68.23
13:57:55.413306;41.13400694;67.88
13:57:55.513241;40.00513784;66.50
13:57:55.612751;41.44857237;62.46
13:57:55.713095;45.09282448;62.46
13:57:55.812970;50.0;61.63
13:57:55.913965;55.9811053;63.54
13:57:56.013457;59.58667853;65.02
13:57:56.113703;59.38468422;66.50
13:57:56.213230;55.45534901;68.28
13:57:56.312643;49.3592978;68.23
13:57:56.412962;43.51771605;68.23
13:57:56.513487;40.25072088;66.03
13:57:56.613436;40.85587377;63.83
13:57:56.713405;45.09282448;63.54
13:57:56.813385;51.27877162;63.54
13:57:56.913533;56.95682551;62.07
13:57:57.013819;59.87181783;65.02
13:57:57.113934;58.86599306;66.21
13:57:57.214094;54.33883739;69.46
13:57:57.312568;48.08841371;68.28
13:57:57.413776;42.59722003;68.23
13:57:57.513980;40.04620887;67.63
13:57:57.613679;41.44857237;65.02
13:57:57.713808;46.24732995;65.02
13:57:57.813993;52.53654584;62.07
13:57:57.914194;57.81831482;61.63
13:57:58.013314;59.99486216;63.83
13:57:58.113078;58.20172255;67.98
13:57:58.213239;53.15108218;70.34
13:57:58.312841;46.84891782;68.23
13:57:58.413809;41.79827745;69.46
13:57:58.513697;40.00513784;66.21
13:57:58.613445;42.18168518;63.83
13:57:58.713575;47.46345416;64.66
13:57:58.813316;53.75267005;62.81
13:57:58.913242;58.55142763;63.54
13:57:59.013400;59.95379113;66.21
13:57:59.112779;57.40277997;67.98
13:57:59.213970;51.91158629;68.28
13:57:59.314286;45.66116261;69.46
13:57:59.413189;41.13400694;68.28
13:57:59.513052;40.12818217;66.03
13:57:59.614074;43.04317449;65.02
13:57:59.713369;48.72122838;64.14
13:57:59.813483;54.90717552;63.54
13:57:59.913532;59.14412623;64.66
13:58:00.014009;59.74927912;64.66
13:58:00.114155;56.48228395;67.98
13:58:00.213144;50.6407022;70.34
13:58:00.313251;44.54465099;68.23
13:58:00.413449;40.61531578;68.23
13:58:00.513541;40.41332147;65.02
13:58:00.613995;44.0188947;63.54
13:58:00.714196;50.0;64.14
13:58:00.813498;55.9811053;61.63
13:58:00.913097;59.58667853;63.83
13:58:01.013059;59.38468422;66.27
13:58:01.114100;55.45534901;69.46
13:58:01.212544;49.3592978;70.34
13:58:01.313448;43.51771605;69.50
13:58:01.413437;40.25072088;68.34
13:58:01.513491;40.85587377;64.66
13:58:01.613206;45.09282448;65.02
13:58:01.713107;51.27877162;62.07
13:58:01.812901;56.95682551;63.83
13:58:01.913859;59.87181783;65.02
13:58:02.013352;58.86599306;66.50
13:58:02.113413;54.33883739;68.28
13:58:02.213438;48.08841371;68.23
13:58:02.313426;42.59722003;68.23
13:58:02.413411;40.04620887;66.03
13:58:02.512964;41.44857237;65.02
13:58:02.613962;46.24732995;64.14
13:58:02.713738;52.53654584;61.63
13:58:02.813756;57.81831482;63.54
13:58:02.913127;59.99486216;64.14
13:58:03.013205;58.20172255;67.98
13:58:03.112819;53.15108218;68.28
13:58:03.213997;46.84891782;69.46
13:58:03.314161;41.79827745;69.46
13:58:03.413049;40.00513784;67.98
13:58:03.513471;42.18168518;66.21
13:58:03.613490;47.46345416;63.54
13:58:03.713545;53.75267005;64.14
13:58:03.813562;58.55142763;61.63
13:58:03.913193;59.95379113;66.27
13:58:04.013186;57.40277997;66.50
13:58:04.112661;51.91158629;68.23
13:58:04.213589;45.66116261;68.23
13:58:04.313895;41.13400694;67.98
13:58:04.413486;40.12818217;68.28
13:58:04.513496;43.04317449;63.83
13:58:04.613553;48.72122838;62.07
13:58:04.713727;54.90717552;63.03
13:58:04.813199;59.14412623;62.81
