time,setpoint,position,following_err,t_ms
1900-01-01 17:15:07.197942,0.0,8.37,8.37,0
1900-01-01 17:15:07.298925,0.0,8.4,8.4,101
1900-01-01 17:15:07.400038,0.0,8.4,8.4,203
1900-01-01 17:15:07.501162,0.0,8.42,8.42,304
1900-01-01 17:15:07.602276,0.0,8.42,8.42,405
1900-01-01 17:15:07.703409,0.0,8.46,8.46,506
1900-01-01 17:15:07.804243,0.0,8.42,8.42,607
1900-01-01 17:15:07.904996,0.0,8.4,8.4,707
1900-01-01 17:15:08.005773,0.0,8.35,8.35,808
1900-01-01 17:15:08.106603,50.0,8.32,41.68,909
1900-01-01 17:15:08.207500,50.0,8.4,41.6,1010
1900-01-01 17:15:08.308807,50.0,8.47,41.53,1111
1900-01-01 17:15:08.409573,50.0,8.78,41.22,1212
1900-01-01 17:15:08.510914,50.0,8.35,41.65,1313
1900-01-01 17:15:08.611308,50.0,8.37,41.63,1414
1900-01-01 17:15:08.712525,50.0,9.08,40.92,1515
1900-01-01 17:15:08.813609,50.0,10.29,39.71,1616
1900-01-01 17:15:08.914915,50.0,14.03,35.97,1717
1900-01-01 17:15:09.016045,50.0,16.31,33.69,1819
1900-01-01 17:15:09.116553,50.0,20.41,29.59,1919
1900-01-01 17:15:09.217067,50.0,24.91,25.09,2020
1900-01-01 17:15:09.318056,50.0,32.14,17.86,2121
1900-01-01 17:15:09.418996,50.0,34.64,15.36,2221
1900-01-01 17:15:09.519808,50.0,39.7,10.299999999999997,2322
1900-01-01 17:15:09.620262,50.0,47.38,2.6199999999999974,2423
1900-01-01 17:15:09.720851,50.0,51.89,1.8900000000000006,2523
1900-01-01 17:15:09.821803,50.0,53.83,3.8299999999999983,2624
1900-01-01 17:15:09.922220,50.0,56.96,6.960000000000001,2725
1900-01-01 17:15:10.023214,50.0,60.29,10.29,2826
1900-01-01 17:15:10.124168,50.0,61.1,11.100000000000001,2927
1900-01-01 17:15:10.225356,50.0,60.73,10.729999999999997,3028
1900-01-01 17:15:10.326434,50.0,58.67,8.670000000000002,3129
1900-01-01 17:15:10.427426,50.0,57.79,7.789999999999999,3230
1900-01-01 17:15:10.528326,50.0,55.9,5.899999999999999,3331
1900-01-01 17:15:10.629253,50.0,53.83,3.8299999999999983,3432
1900-01-01 17:15:10.729888,50.0,51.48,1.4799999999999969,3532
1900-01-01 17:15:10.830812,50.0,50.75,0.75,3633
1900-01-01 17:15:10.931736,50.0,50.58,0.5799999999999983,3734
1900-01-01 17:15:11.032856,50.0,50.26,0.259999999999998,3835
1900-01-01 17:15:11.133751,50.0,50.31,0.3100000000000023,3936
1900-01-01 17:15:11.234437,50.0,50.38,0.38000000000000256,4037
1900-01-01 17:15:11.335781,50.0,50.31,0.3100000000000023,4138
1900-01-01 17:15:11.436966,50.0,49.94,0.060000000000002274,4239
1900-01-01 17:15:11.537920,50.0,50.41,0.4099999999999966,4340
1900-01-01 17:15:11.638525,50.0,50.38,0.38000000000000256,4441
1900-01-01 17:15:11.739974,50.0,50.09,0.09000000000000341,4542
1900-01-01 17:15:11.840934,50.0,50.02,0.020000000000003126,4643
1900-01-01 17:15:11.941695,50.0,49.87,0.13000000000000256,4744
1900-01-01 17:15:12.042537,50.0,49.85,0.14999999999999858,4845
1900-01-01 17:15:12.143998,50.0,49.75,0.25,4946
1900-01-01 17:15:12.244638,50.0,49.76,0.240000000000002,5047
1900-01-01 17:15:12.345628,50.0,49.82,0.17999999999999972,5148
1900-01-01 17:15:12.447097,50.0,49.94,0.060000000000002274,5250
1900-01-01 17:15:12.548041,50.0,49.99,0.00999999999999801,5351
1900-01-01 17:15:12.649318,50.0,49.76,0.240000000000002,5452
1900-01-01 17:15:12.750497,50.0,49.7,0.29999999999999716,5553
1900-01-01 17:15:12.851351,50.0,49.6,0.3999999999999986,5654
1900-01-01 17:15:12.952471,50.0,49.6,0.3999999999999986,5755
1900-01-01 17:15:13.053248,50.0,49.73,0.2700000000000031,5856
1900-01-01 17:15:13.154142,50.0,49.58,0.4200000000000017,5957
1900-01-01 17:15:13.255253,50.0,49.97,0.030000000000001137,6058
1900-01-01 17:15:13.355888,50.0,50.09,0.09000000000000341,6158
1900-01-01 17:15:13.456859,50.0,50.09,0.09000000000000341,6259
1900-01-01 17:15:13.558075,50.0,50.1,0.10000000000000142,6361
1900-01-01 17:15:13.658786,50.0,50.16,0.1599999999999966,6461
1900-01-01 17:15:13.759584,50.0,50.14,0.14000000000000057,6562
1900-01-01 17:15:13.860450,50.0,49.95,0.04999999999999716,6663
1900-01-01 17:15:13.961335,50.0,49.7,0.29999999999999716,6764
1900-01-01 17:15:14.062239,50.0,49.65,0.3500000000000014,6865
1900-01-01 17:15:14.162642,50.0,49.65,0.3500000000000014,6965
1900-01-01 17:15:14.263815,50.0,49.8,0.20000000000000284,7066
1900-01-01 17:15:14.364405,50.0,49.83,0.1700000000000017,7167
1900-01-01 17:15:14.464916,50.0,50.04,0.03999999999999915,7267
1900-01-01 17:15:14.565832,50.0,50.14,0.14000000000000057,7368
1900-01-01 17:15:14.666784,50.0,50.17,0.1700000000000017,7469
1900-01-01 17:15:14.768027,50.0,50.28,0.28000000000000114,7571
1900-01-01 17:15:14.868876,50.0,50.28,0.28000000000000114,7671
1900-01-01 17:15:14.969709,50.0,50.22,0.21999999999999886,7772
1900-01-01 17:15:15.070665,50.0,50.12,0.11999999999999744,7873
1900-01-01 17:15:15.171576,50.0,49.95,0.04999999999999716,7974
1900-01-01 17:15:15.272771,50.0,49.85,0.14999999999999858,8075
1900-01-01 17:15:15.373273,50.0,49.78,0.21999999999999886,8176
1900-01-01 17:15:15.474756,50.0,49.78,0.21999999999999886,8277
1900-01-01 17:15:15.575689,50.0,49.8,0.20000000000000284,8378
1900-01-01 17:15:15.676447,50.0,49.73,0.2700000000000031,8479
1900-01-01 17:15:15.777007,50.0,49.63,0.36999999999999744,8580
1900-01-01 17:15:15.878032,50.0,49.71,0.28999999999999915,8681
1900-01-01 17:15:15.978553,50.0,49.87,0.13000000000000256,8781
1900-01-01 17:15:16.078979,50.0,49.83,0.1700000000000017,8881
1900-01-01 17:15:16.179961,50.0,49.8,0.20000000000000284,8982
1900-01-01 17:15:16.280473,50.0,49.85,0.14999999999999858,9083
1900-01-01 17:15:16.381581,50.0,49.9,0.10000000000000142,9184
1900-01-01 17:15:16.482504,50.0,50.07,0.07000000000000028,9285
1900-01-01 17:15:16.583460,50.0,50.16,0.1599999999999966,9386
1900-01-01 17:15:16.684411,50.0,50.21,0.21000000000000085,9487
1900-01-01 17:15:16.785648,50.0,50.05,0.04999999999999716,9588
1900-01-01 17:15:16.886573,50.0,50.07,0.07000000000000028,9689
1900-01-01 17:15:16.987058,50.0,50.09,0.09000000000000341,9790
1900-01-01 17:15:17.087424,50.0,50.17,0.1700000000000017,9890
1900-01-01 17:15:17.187948,50.0,50.12,0.11999999999999744,9990
1900-01-01 17:15:17.289261,49.9,50.09,0.19000000000000483,10092
1900-01-01 17:15:17.389807,49.8,50.0,0.20000000000000284,10192
1900-01-01 17:15:17.490761,49.7,50.05,0.3499999999999943,10293
1900-01-01 17:15:17.591200,49.6,50.24,0.6400000000000006,10394
1900-01-01 17:15:17.691867,49.5,50.16,0.6599999999999966,10494
1900-01-01 17:15:17.793150,49.4,50.19,0.7899999999999991,10596
1900-01-01 17:15:17.894060,49.3,49.9,0.6000000000000014,10697
1900-01-01 17:15:17.994505,49.2,49.68,0.4799999999999969,10797
1900-01-01 17:15:18.095458,49.1,49.44,0.3399999999999963,10898
1900-01-01 17:15:18.195925,49.0,49.27,0.2700000000000031,10998
1900-01-01 17:15:18.296657,48.9,49.05,0.14999999999999858,11099
1900-01-01 17:15:18.398141,48.8,48.95,0.15000000000000568,11201
1900-01-01 17:15:18.499006,48.7,48.98,0.27999999999999403,11302
1900-01-01 17:15:18.600144,48.6,48.88,0.28000000000000114,11403
1900-01-01 17:15:18.701116,48.5,48.88,0.38000000000000256,11504
1900-01-01 17:15:18.802465,48.4,48.85,0.45000000000000284,11605
1900-01-01 17:15:18.903429,48.3,48.68,0.38000000000000256,11706
1900-01-01 17:15:19.003900,48.2,48.56,0.35999999999999943,11806
1900-01-01 17:15:19.105116,48.1,48.42,0.3200000000000003,11908
1900-01-01 17:15:19.205825,48.0,47.98,0.020000000000003126,12008
1900-01-01 17:15:19.306262,47.9,47.93,0.030000000000001137,12109
1900-01-01 17:15:19.407240,47.8,47.76,0.03999999999999915,12210
1900-01-01 17:15:19.508143,47.7,47.71,0.00999999999999801,12311
1900-01-01 17:15:19.608714,47.6,47.5,0.10000000000000142,12411
1900-01-01 17:15:19.710047,47.5,47.16,0.3400000000000034,12513
1900-01-01 17:15:19.810608,47.4,47.1,0.29999999999999716,12613
1900-01-01 17:15:19.911570,47.3,47.13,0.1699999999999946,12714
1900-01-01 17:15:20.011862,47.2,47.13,0.07000000000000028,12814
1900-01-01 17:15:20.112715,47.1,47.08,0.020000000000003126,12915
1900-01-01 17:15:20.213251,47.0,46.99,0.00999999999999801,13016
1900-01-01 17:15:20.314241,46.9,47.04,0.14000000000000057,13117
1900-01-01 17:15:20.415444,46.8,47.01,0.21000000000000085,13218
1900-01-01 17:15:20.515900,46.7,46.84,0.14000000000000057,13318
1900-01-01 17:15:20.616818,46.6,46.64,0.03999999999999915,13419
1900-01-01 17:15:20.717722,46.5,46.52,0.020000000000003126,13520
1900-01-01 17:15:20.818377,46.4,46.42,0.020000000000003126,13621
1900-01-01 17:15:20.919321,46.3,46.42,0.12000000000000455,13722
1900-01-01 17:15:21.020262,46.2,46.31,0.10999999999999943,13823
1900-01-01 17:15:21.121563,46.1,46.26,0.1599999999999966,13924
1900-01-01 17:15:21.223070,46.0,46.16,0.1599999999999966,14026
1900-01-01 17:15:21.323996,45.9,46.38,0.480000000000004,14126
1900-01-01 17:15:21.425079,45.8,45.74,0.05999999999999517,14228
1900-01-01 17:15:21.525911,45.7,46.03,0.3299999999999983,14328
1900-01-01 17:15:21.627258,45.6,45.53,0.07000000000000028,14430
1900-01-01 17:15:21.727932,45.5,45.31,0.18999999999999773,14530
1900-01-01 17:15:21.828517,45.4,45.17,0.22999999999999687,14631
1900-01-01 17:15:21.929594,45.3,45.04,0.259999999999998,14732
1900-01-01 17:15:22.030547,45.2,44.83,0.37000000000000455,14833
1900-01-01 17:15:22.131425,45.1,45.06,0.03999999999999915,14934
1900-01-01 17:15:22.232296,45.0,44.48,0.5200000000000031,15035
1900-01-01 17:15:22.333382,44.9,44.44,0.46000000000000085,15136
1900-01-01 17:15:22.433736,44.8,44.49,0.30999999999999517,15236
1900-01-01 17:15:22.534229,44.7,44.51,0.19000000000000483,15337
1900-01-01 17:15:22.634724,44.6,44.41,0.19000000000000483,15437
1900-01-01 17:15:22.735302,44.5,44.29,0.21000000000000085,15538
1900-01-01 17:15:22.836082,44.4,44.14,0.259999999999998,15639
1900-01-01 17:15:22.937020,44.3,44.14,0.1599999999999966,15740
1900-01-01 17:15:23.037635,44.2,44.38,0.17999999999999972,15840
1900-01-01 17:15:23.138705,44.1,44.56,0.46000000000000085,15941
1900-01-01 17:15:23.239854,44.0,44.44,0.4399999999999977,16042
1900-01-01 17:15:23.340883,43.9,44.72,0.8200000000000003,16143
1900-01-01 17:15:23.441842,43.8,43.99,0.19000000000000483,16244
1900-01-01 17:15:23.542307,43.7,43.83,0.12999999999999545,16345
1900-01-01 17:15:23.642992,43.6,43.95,0.3500000000000014,16445
1900-01-01 17:15:23.744318,43.5,43.41,0.09000000000000341,16547
1900-01-01 17:15:23.845437,43.4,43.25,0.14999999999999858,16648
1900-01-01 17:15:23.946483,43.3,42.9,0.3999999999999986,16749
1900-01-01 17:15:24.047460,43.2,44.0,0.7999999999999972,16850
1900-01-01 17:15:24.148631,43.1,43.66,0.5599999999999952,16951
1900-01-01 17:15:24.249631,43.0,43.63,0.6300000000000026,17052
1900-01-01 17:15:24.350345,42.9,43.37,0.46999999999999886,17153
1900-01-01 17:15:24.451035,42.8,43.12,0.3200000000000003,17254
1900-01-01 17:15:24.551540,42.7,43.51,0.8099999999999952,17354
1900-01-01 17:15:24.652468,42.6,42.98,0.37999999999999545,17455
1900-01-01 17:15:24.753135,42.5,42.79,0.28999999999999915,17556
1900-01-01 17:15:24.853755,42.4,42.76,0.35999999999999943,17656
1900-01-01 17:15:24.954515,42.3,42.73,0.4299999999999997,17757
1900-01-01 17:15:25.054972,42.2,42.54,0.3399999999999963,17857
1900-01-01 17:15:25.155942,42.1,42.4,0.29999999999999716,17958
1900-01-01 17:15:25.256632,42.0,42.13,0.13000000000000256,18059
1900-01-01 17:15:25.357672,41.9,41.89,0.00999999999999801,18160
1900-01-01 17:15:25.458855,41.8,41.18,0.6199999999999974,18261
1900-01-01 17:15:25.559960,41.7,41.93,0.22999999999999687,18362
1900-01-01 17:15:25.660908,41.6,41.94,0.3399999999999963,18463
1900-01-01 17:15:25.761403,41.5,41.96,0.46000000000000085,18564
1900-01-01 17:15:25.862690,41.4,41.49,0.09000000000000341,18665
1900-01-01 17:15:25.963349,41.3,41.71,0.4100000000000037,18766
1900-01-01 17:15:26.064378,41.2,41.49,0.28999999999999915,18867
1900-01-01 17:15:26.165480,41.1,41.03,0.07000000000000028,18968
1900-01-01 17:15:26.266022,41.0,40.89,0.10999999999999943,19069
1900-01-01 17:15:26.367152,40.9,40.67,0.22999999999999687,19170
1900-01-01 17:15:26.467545,40.8,40.45,0.3499999999999943,19270
1900-01-01 17:15:26.568351,40.7,40.48,0.22000000000000597,19371
1900-01-01 17:15:26.669565,40.6,40.43,0.1700000000000017,19472
1900-01-01 17:15:26.770011,40.5,40.48,0.020000000000003126,19573
1900-01-01 17:15:26.870364,40.4,40.53,0.13000000000000256,19673
1900-01-01 17:15:26.970847,40.3,40.53,0.23000000000000398,19773
1900-01-01 17:15:27.071994,40.2,40.65,0.44999999999999574,19874
1900-01-01 17:15:27.172499,40.1,40.53,0.4299999999999997,19975
1900-01-01 17:15:27.273415,40.0,40.7,0.7000000000000028,20076
1900-01-01 17:15:27.374733,40.1,39.84,0.259999999999998,20177
1900-01-01 17:15:27.475745,40.2,39.41,0.7900000000000063,20278
1900-01-01 17:15:27.576675,40.3,39.14,1.1599999999999966,20379
1900-01-01 17:15:27.677521,40.4,39.5,0.8999999999999986,20480
1900-01-01 17:15:27.778337,40.5,39.45,1.0499999999999972,20581
1900-01-01 17:15:27.879374,40.6,39.7,0.8999999999999986,20682
1900-01-01 17:15:27.979842,40.7,40.47,0.23000000000000398,20782
1900-01-01 17:15:28.080835,40.8,40.42,0.37999999999999545,20883
1900-01-01 17:15:28.181738,40.9,40.87,0.030000000000001137,20984
1900-01-01 17:15:28.282507,41.0,40.52,0.4799999999999969,21085
1900-01-01 17:15:28.383455,41.1,40.47,0.6300000000000026,21186
1900-01-01 17:15:28.484489,41.2,40.57,0.6300000000000026,21287
1900-01-01 17:15:28.584848,41.3,40.76,0.5399999999999991,21387
1900-01-01 17:15:28.685872,41.4,40.92,0.4799999999999969,21488
1900-01-01 17:15:28.786453,41.5,41.33,0.1700000000000017,21589
1900-01-01 17:15:28.887696,41.6,41.74,0.14000000000000057,21690
1900-01-01 17:15:28.988525,41.7,41.35,0.3500000000000014,21791
1900-01-01 17:15:29.089003,41.8,41.26,0.5399999999999991,21892
1900-01-01 17:15:29.189750,41.9,41.76,0.14000000000000057,21992
1900-01-01 17:15:29.290601,42.0,41.25,0.75,22093
1900-01-01 17:15:29.391935,42.1,41.76,0.3400000000000034,22194
1900-01-01 17:15:29.492913,42.2,42.44,0.23999999999999488,22295
1900-01-01 17:15:29.593326,42.3,42.52,0.22000000000000597,22396
1900-01-01 17:15:29.694353,42.4,42.61,0.21000000000000085,22497
1900-01-01 17:15:29.795071,42.5,42.56,0.060000000000002274,22598
1900-01-01 17:15:29.896188,42.6,42.85,0.25,22699
1900-01-01 17:15:29.996791,42.7,42.39,0.3100000000000023,22799
1900-01-01 17:15:30.097181,42.8,42.37,0.4299999999999997,22900
1900-01-01 17:15:30.198418,42.9,42.46,0.4399999999999977,23001
1900-01-01 17:15:30.299257,43.0,43.15,0.14999999999999858,23102
1900-01-01 17:15:30.399717,43.1,43.25,0.14999999999999858,23202
1900-01-01 17:15:30.500602,43.2,43.34,0.14000000000000057,23303
1900-01-01 17:15:30.601648,43.3,42.86,0.4399999999999977,23404
1900-01-01 17:15:30.702663,43.4,43.02,0.37999999999999545,23505
1900-01-01 17:15:30.803595,43.5,43.46,0.03999999999999915,23606
1900-01-01 17:15:30.904935,43.6,43.29,0.3100000000000023,23707
1900-01-01 17:15:31.005297,43.7,43.47,0.23000000000000398,23808
1900-01-01 17:15:31.106154,43.8,43.53,0.269999999999996,23909
1900-01-01 17:15:31.207175,43.9,43.75,0.14999999999999858,24010
1900-01-01 17:15:31.307789,44.0,44.0,0.0,24110
1900-01-01 17:15:31.408643,44.1,44.09,0.00999999999999801,24211
1900-01-01 17:15:31.509108,44.2,44.46,0.259999999999998,24312
1900-01-01 17:15:31.610067,44.3,44.02,0.27999999999999403,24413
1900-01-01 17:15:31.711003,44.4,44.14,0.259999999999998,24514
1900-01-01 17:15:31.811437,44.5,43.8,0.7000000000000028,24614
1900-01-01 17:15:31.912355,44.6,44.21,0.39000000000000057,24715
1900-01-01 17:15:32.013314,44.7,44.56,0.14000000000000057,24816
1900-01-01 17:15:32.113689,44.8,45.14,0.3400000000000034,24916
1900-01-01 17:15:32.214728,44.9,44.75,0.14999999999999858,25017
1900-01-01 17:15:32.315160,45.0,45.04,0.03999999999999915,25118
1900-01-01 17:15:32.416395,45.1,45.17,0.07000000000000028,25219
1900-01-01 17:15:32.517380,45.2,45.62,0.4199999999999946,25320
1900-01-01 17:15:32.618320,45.3,45.67,0.37000000000000455,25421
1900-01-01 17:15:32.718792,45.4,45.67,0.2700000000000031,25521
1900-01-01 17:15:32.820018,45.5,45.63,0.13000000000000256,25623
1900-01-01 17:15:32.920570,45.6,45.19,0.4100000000000037,25723
1900-01-01 17:15:33.021904,45.7,45.06,0.6400000000000006,25824
1900-01-01 17:15:33.122477,45.8,45.14,0.6599999999999966,25925
1900-01-01 17:15:33.223691,45.9,45.79,0.10999999999999943,26026
1900-01-01 17:15:33.324929,46.0,45.97,0.030000000000001137,26127
1900-01-01 17:15:33.425408,46.1,46.14,0.03999999999999915,26228
1900-01-01 17:15:33.526282,46.2,46.37,0.1699999999999946,26329
1900-01-01 17:15:33.627498,46.3,46.82,0.5200000000000031,26430
1900-01-01 17:15:33.728432,46.4,46.52,0.12000000000000455,26531
1900-01-01 17:15:33.829683,46.5,46.67,0.1700000000000017,26632
1900-01-01 17:15:33.929925,46.6,46.72,0.11999999999999744,26732
1900-01-01 17:15:34.030515,46.7,46.72,0.01999999999999602,26833
1900-01-01 17:15:34.131535,46.8,46.69,0.10999999999999943,26934
1900-01-01 17:15:34.232526,46.9,46.74,0.1599999999999966,27035
1900-01-01 17:15:34.333119,47.0,46.89,0.10999999999999943,27136
1900-01-01 17:15:34.434397,47.1,47.03,0.07000000000000028,27237
1900-01-01 17:15:34.535076,47.2,47.06,0.14000000000000057,27338
1900-01-01 17:15:34.635713,47.3,47.2,0.09999999999999432,27438
1900-01-01 17:15:34.736722,47.4,47.45,0.05000000000000426,27539
1900-01-01 17:15:34.837449,47.5,47.5,0.0,27640
1900-01-01 17:15:34.938095,47.6,47.62,0.01999999999999602,27741
1900-01-01 17:15:35.038681,47.7,48.03,0.3299999999999983,27841
1900-01-01 17:15:35.138995,47.8,47.66,0.14000000000000057,27941
1900-01-01 17:15:35.239847,47.9,47.83,0.07000000000000028,28042
1900-01-01 17:15:35.340411,48.0,47.86,0.14000000000000057,28143
1900-01-01 17:15:35.440882,48.1,48.06,0.03999999999999915,28243
1900-01-01 17:15:35.541725,48.2,48.29,0.0899999999999963,28344
1900-01-01 17:15:35.642792,48.3,48.24,0.05999999999999517,28445
1900-01-01 17:15:35.743513,48.4,48.34,0.05999999999999517,28546
1900-01-01 17:15:35.844134,48.5,48.49,0.00999999999999801,28647
1900-01-01 17:15:35.945288,48.6,48.63,0.030000000000001137,28748
1900-01-01 17:15:36.045875,48.7,48.86,0.1599999999999966,28848
1900-01-01 17:15:36.146941,48.8,48.95,0.15000000000000568,28949
1900-01-01 17:15:36.248263,48.9,48.9,0.0,29051
1900-01-01 17:15:36.349171,49.0,48.74,0.259999999999998,29152
1900-01-01 17:15:36.449608,49.1,48.76,0.3400000000000034,29252
1900-01-01 17:15:36.550517,49.2,48.98,0.22000000000000597,29353
1900-01-01 17:15:36.651830,49.3,49.03,0.269999999999996,29454
1900-01-01 17:15:36.752479,49.4,49.44,0.03999999999999915,29555
1900-01-01 17:15:36.852983,49.5,49.63,0.13000000000000256,29655
1900-01-01 17:15:36.954243,49.6,49.71,0.10999999999999943,29757
1900-01-01 17:15:37.054977,49.7,50.0,0.29999999999999716,29857
1900-01-01 17:15:37.156193,49.8,50.02,0.22000000000000597,29959
1900-01-01 17:15:37.257044,49.9,49.95,0.05000000000000426,30060
1900-01-01 17:15:37.357531,50.0,49.83,0.1700000000000017,30160
1900-01-01 17:15:37.458827,49.9,49.83,0.07000000000000028,30261
1900-01-01 17:15:37.559439,49.8,49.97,0.1700000000000017,30362
1900-01-01 17:15:37.660329,49.7,50.21,0.509999999999998,30463
1900-01-01 17:15:37.760988,49.6,50.26,0.6599999999999966,30563
1900-01-01 17:15:37.862058,49.5,50.31,0.8100000000000023,30665
1900-01-01 17:15:37.962873,49.4,50.26,0.8599999999999994,30765
1900-01-01 17:15:38.064084,49.3,50.02,0.720000000000006,30867
1900-01-01 17:15:38.165373,49.2,49.75,0.5499999999999972,30968
1900-01-01 17:15:38.266240,49.1,49.26,0.1599999999999966,31069
1900-01-01 17:15:38.367554,49.0,49.49,0.490000000000002,31170
1900-01-01 17:15:38.468414,48.9,49.42,0.5200000000000031,31271
1900-01-01 17:15:38.568909,48.8,49.36,0.5600000000000023,31371
1900-01-01 17:15:38.669700,48.7,49.27,0.5700000000000003,31472
1900-01-01 17:15:38.771019,48.6,49.19,0.5899999999999963,31574
1900-01-01 17:15:38.872132,48.5,49.05,0.5499999999999972,31675
1900-01-01 17:15:38.973290,48.4,48.88,0.480000000000004,31776
1900-01-01 17:15:39.073853,48.3,48.54,0.240000000000002,31876
1900-01-01 17:15:39.174569,48.2,48.3,0.09999999999999432,31977
1900-01-01 17:15:39.275609,48.1,48.25,0.14999999999999858,32078
1900-01-01 17:15:39.389333,48.0,47.88,0.11999999999999744,32192
1900-01-01 17:15:39.490693,47.9,48.1,0.20000000000000284,32293
1900-01-01 17:15:39.591377,47.8,47.67,0.12999999999999545,32394
1900-01-01 17:15:39.692478,47.7,47.5,0.20000000000000284,32495
1900-01-01 17:15:39.793328,47.6,47.45,0.14999999999999858,32596
1900-01-01 17:15:39.894197,47.5,47.49,0.00999999999999801,32697
1900-01-01 17:15:39.994959,47.4,47.52,0.12000000000000455,32797
1900-01-01 17:15:40.095842,47.3,47.45,0.15000000000000568,32898
1900-01-01 17:15:40.196286,47.2,47.32,0.11999999999999744,32999
1900-01-01 17:15:40.297237,47.1,47.16,0.05999999999999517,33100
1900-01-01 17:15:40.397689,47.0,47.06,0.060000000000002274,33200
1900-01-01 17:15:40.499153,46.9,46.82,0.0799999999999983,33302
1900-01-01 17:15:40.600017,46.8,46.74,0.05999999999999517,33403
1900-01-01 17:15:40.700642,46.7,46.67,0.030000000000001137,33503
1900-01-01 17:15:40.801449,46.6,46.65,0.04999999999999716,33604
1900-01-01 17:15:40.901876,46.5,46.55,0.04999999999999716,33704
1900-01-01 17:15:41.002532,46.4,46.55,0.14999999999999858,33805
1900-01-01 17:15:41.102971,46.3,46.57,0.2700000000000031,33905
1900-01-01 17:15:41.203777,46.2,46.52,0.3200000000000003,34006
1900-01-01 17:15:41.304296,46.1,46.33,0.22999999999999687,34107
1900-01-01 17:15:41.405260,46.0,46.06,0.060000000000002274,34208
1900-01-01 17:15:41.505705,45.9,45.96,0.060000000000002274,34308
1900-01-01 17:15:41.606610,45.8,45.62,0.17999999999999972,34409
1900-01-01 17:15:41.707122,45.7,45.4,0.30000000000000426,34510
1900-01-01 17:15:41.808039,45.6,45.04,0.5600000000000023,34611
1900-01-01 17:15:41.909146,45.5,45.14,0.35999999999999943,34712
1900-01-01 17:15:42.010269,45.4,45.21,0.18999999999999773,34813
1900-01-01 17:15:42.110877,45.3,45.28,0.01999999999999602,34913
1900-01-01 17:15:42.211809,45.2,45.21,0.00999999999999801,35014
1900-01-01 17:15:42.312148,45.1,45.09,0.00999999999999801,35115
1900-01-01 17:15:42.412631,45.0,44.78,0.21999999999999886,35215
1900-01-01 17:15:42.513774,44.9,44.56,0.3399999999999963,35316
1900-01-01 17:15:42.614312,44.8,44.48,0.3200000000000003,35417
1900-01-01 17:15:42.715449,44.7,44.46,0.240000000000002,35518
1900-01-01 17:15:42.816326,44.6,44.53,0.07000000000000028,35619
1900-01-01 17:15:42.917331,44.5,44.49,0.00999999999999801,35720
1900-01-01 17:15:43.018054,44.4,44.55,0.14999999999999858,35821
1900-01-01 17:15:43.118934,44.3,44.6,0.30000000000000426,35921
1900-01-01 17:15:43.219628,44.2,44.46,0.259999999999998,36022
1900-01-01 17:15:43.320632,44.1,44.24,0.14000000000000057,36123
1900-01-01 17:15:43.421562,44.0,44.46,0.46000000000000085,36224
1900-01-01 17:15:43.522941,43.9,43.59,0.30999999999999517,36325
1900-01-01 17:15:43.623662,43.8,43.97,0.1700000000000017,36426
1900-01-01 17:15:43.724941,43.7,43.61,0.09000000000000341,36527
1900-01-01 17:15:43.825252,43.6,43.78,0.17999999999999972,36628
1900-01-01 17:15:43.926231,43.5,43.8,0.29999999999999716,36729
1900-01-01 17:15:44.027173,43.4,44.19,0.7899999999999991,36830
1900-01-01 17:15:44.128152,43.3,43.53,0.23000000000000398,36931
1900-01-01 17:15:44.228920,43.2,42.86,0.3400000000000034,37031
1900-01-01 17:15:44.329690,43.1,42.66,0.44000000000000483,37132
1900-01-01 17:15:44.430309,43.0,43.1,0.10000000000000142,37233
1900-01-01 17:15:44.530872,42.9,42.78,0.11999999999999744,37333
1900-01-01 17:15:44.631310,42.8,42.95,0.15000000000000568,37434
1900-01-01 17:15:44.732257,42.7,42.98,0.27999999999999403,37535
1900-01-01 17:15:44.832986,42.6,43.0,0.3999999999999986,37635
1900-01-01 17:15:44.933765,42.5,43.42,0.9200000000000017,37736
1900-01-01 17:15:45.034924,42.4,42.97,0.5700000000000003,37837
1900-01-01 17:15:45.136126,42.3,42.64,0.3400000000000034,37939
1900-01-01 17:15:45.237074,42.2,42.49,0.28999999999999915,38040
1900-01-01 17:15:45.338019,42.1,42.18,0.0799999999999983,38141
1900-01-01 17:15:45.438861,42.0,42.18,0.17999999999999972,38241
1900-01-01 17:15:45.539667,41.9,42.0,0.10000000000000142,38342
1900-01-01 17:15:45.640336,41.8,42.15,0.3500000000000014,38443
1900-01-01 17:15:45.740951,41.7,41.78,0.0799999999999983,38543
1900-01-01 17:15:45.841721,41.6,41.28,0.3200000000000003,38644
1900-01-01 17:15:45.942256,41.5,41.11,0.39000000000000057,38745
1900-01-01 17:15:46.043442,41.4,41.32,0.0799999999999983,38846
1900-01-01 17:15:46.144346,41.3,41.26,0.03999999999999915,38947
1900-01-01 17:15:46.245701,41.2,41.04,0.1600000000000037,39048
1900-01-01 17:15:46.346702,41.1,41.01,0.09000000000000341,39149
1900-01-01 17:15:46.447210,41.0,40.42,0.5799999999999983,39250
1900-01-01 17:15:46.547912,40.9,40.74,0.1599999999999966,39350
1900-01-01 17:15:46.648482,40.8,40.82,0.020000000000003126,39451
1900-01-01 17:15:46.749451,40.7,41.1,0.3999999999999986,39552
1900-01-01 17:15:46.850460,40.6,40.42,0.17999999999999972,39653
1900-01-01 17:15:46.951228,40.5,40.82,0.3200000000000003,39754
1900-01-01 17:15:47.051825,40.4,40.65,0.25,39854
1900-01-01 17:15:47.152803,40.3,40.53,0.23000000000000398,39955
1900-01-01 17:15:47.253671,40.2,39.8,0.4000000000000057,40056
1900-01-01 17:15:47.354719,40.1,39.82,0.28000000000000114,40157
1900-01-01 17:15:47.455313,40.0,39.77,0.22999999999999687,40258
1900-01-01 17:15:47.556175,40.3,39.65,0.6499999999999986,40359
1900-01-01 17:15:47.657221,40.6,39.65,0.9500000000000028,40460
1900-01-01 17:15:47.757764,40.9,40.13,0.769999999999996,40560
1900-01-01 17:15:47.858657,41.2,39.87,1.3300000000000054,40661
1900-01-01 17:15:47.959657,41.5,39.97,1.5300000000000011,40762
1900-01-01 17:15:48.060747,41.8,39.96,1.8399999999999963,40863
1900-01-01 17:15:48.161224,42.10000001,40.55,1.550000010000005,40964
1900-01-01 17:15:48.262063,42.40000001,40.87,1.530000010000002,41065
1900-01-01 17:15:48.362556,42.70000001,41.5,1.2000000099999966,41165
1900-01-01 17:15:48.463453,43.00000001,41.6,1.4000000099999994,41266
1900-01-01 17:15:48.564398,43.30000001,42.27,1.0300000099999949,41367
1900-01-01 17:15:48.665864,43.60000001,43.2,0.4000000099999994,41468
1900-01-01 17:15:48.766566,43.90000001,43.25,0.6500000099999994,41569
1900-01-01 17:15:48.867965,44.20000001,44.22,0.0199999900000023,41670
1900-01-01 17:15:48.968966,44.50000001,44.07,0.43000001000000054,41771
1900-01-01 17:15:49.070042,44.80000001,44.24,0.560000009999996,41873
1900-01-01 17:15:49.170959,45.10000002,44.19,0.9100000200000053,41973
1900-01-01 17:15:49.271816,45.40000002,44.22,1.1800000200000014,42074
1900-01-01 17:15:49.372582,45.70000002,44.82,0.8800000199999971,42175
1900-01-01 17:15:49.473563,46.00000002,45.69,0.31000002000000393,42276
1900-01-01 17:15:49.574569,46.30000002,45.82,0.48000001999999853,42377
1900-01-01 17:15:49.675289,46.60000002,46.37,0.23000002000000563,42478
1900-01-01 17:15:49.776266,46.90000002,47.27,0.3699999800000029,42579
1900-01-01 17:15:49.877559,47.20000002,47.37,0.16999998000000005,42680
1900-01-01 17:15:49.978071,47.50000002,47.72,0.2199999799999972,42781
1900-01-01 17:15:50.078927,47.80000002,47.84,0.0399999800000046,42881
1900-01-01 17:15:50.180140,48.10000003,47.96,0.14000002999999595,42983
1900-01-01 17:15:50.281082,48.40000003,48.15,0.2500000300000025,43084
1900-01-01 17:15:50.382320,48.70000003,48.25,0.4500000299999982,43185
1900-01-01 17:15:50.482862,49.00000003,48.58,0.4200000300000042,43285
1900-01-01 17:15:50.583846,49.30000003,48.83,0.47000003000000135,43386
1900-01-01 17:15:50.684782,49.60000003,49.15,0.4500000299999982,43487
1900-01-01 17:15:50.785796,49.90000003,49.26,0.640000030000003,43588
1900-01-01 17:15:50.886732,50.20000003,49.68,0.5200000299999985,43689
1900-01-01 17:15:50.987831,50.50000003,50.12,0.38000003000000504,43790
1900-01-01 17:15:51.088289,50.80000003,50.96,0.1599999700000012,43891
1900-01-01 17:15:51.189290,51.10000004,51.45,0.3499999600000052,43992
1900-01-01 17:15:51.290193,51.40000004,51.63,0.22999996000000067,44093
1900-01-01 17:15:51.391090,51.70000004,52.09,0.38999996000000436,44194
1900-01-01 17:15:51.491603,52.00000004,52.21,0.20999995999999754,44294
1900-01-01 17:15:51.592250,52.30000004,52.54,0.23999995999999868,44395
1900-01-01 17:15:51.692706,52.60000004,52.77,0.1699999600000055,44495
1900-01-01 17:15:51.794280,52.90000004,53.03,0.12999995999999925,44597
1900-01-01 17:15:51.895429,53.20000004,53.22,0.019999959999999817,44698
1900-01-01 17:15:51.996061,53.50000004,53.33,0.17000004000000501,44799
1900-01-01 17:15:52.096794,53.80000004,53.62,0.18000004000000303,44899
1900-01-01 17:15:52.197721,54.10000005,53.88,0.2200000499999959,45000
1900-01-01 17:15:52.298662,54.40000005,53.93,0.470000050000003,45101
1900-01-01 17:15:52.399529,54.70000005,54.35,0.35000004999999845,45202
1900-01-01 17:15:52.500628,55.0,54.49,0.509999999999998,45303
1900-01-01 17:15:52.601516,54.7,54.87,0.1699999999999946,45404
1900-01-01 17:15:52.702867,54.4,55.34,0.9400000000000048,45505
1900-01-01 17:15:52.803807,54.1,55.54,1.4399999999999977,45606
1900-01-01 17:15:52.904906,53.8,55.65,1.8500000000000014,45707
1900-01-01 17:15:53.005658,53.5,55.6,2.1000000000000014,45808
1900-01-01 17:15:53.106284,53.2,55.36,2.1599999999999966,45909
1900-01-01 17:15:53.207209,52.9,55.07,2.1700000000000017,46010
1900-01-01 17:15:53.308449,52.6,54.85,2.25,46111
1900-01-01 17:15:53.409593,52.3,54.44,2.1400000000000006,46212
1900-01-01 17:15:53.510347,52.0,53.66,1.6599999999999966,46313
1900-01-01 17:15:53.610932,51.7,53.06,1.3599999999999994,46413
1900-01-01 17:15:53.711924,51.4,52.71,1.3100000000000023,46514
1900-01-01 17:15:53.813206,51.1,52.04,0.9399999999999977,46616
1900-01-01 17:15:53.913980,50.8,51.4,0.6000000000000014,46716
1900-01-01 17:15:54.014785,50.5,51.24,0.740000000000002,46817
1900-01-01 17:15:54.115664,50.2,50.89,0.6899999999999977,46918
1900-01-01 17:15:54.216450,49.9,50.63,0.730000000000004,47019
1900-01-01 17:15:54.317820,49.6,50.21,0.6099999999999994,47120
1900-01-01 17:15:54.418273,49.3,49.97,0.6700000000000017,47221
1900-01-01 17:15:54.519237,49.0,49.29,0.28999999999999915,47322
1900-01-01 17:15:54.620139,48.7,49.03,0.3299999999999983,47423
1900-01-01 17:15:54.720940,48.4,48.61,0.21000000000000085,47523
1900-01-01 17:15:54.821631,48.1,48.29,0.18999999999999773,47624
1900-01-01 17:15:54.922285,47.8,47.83,0.030000000000001137,47725
1900-01-01 17:15:55.023264,47.5,47.61,0.10999999999999943,47826
1900-01-01 17:15:55.124413,47.2,47.37,0.1699999999999946,47927
1900-01-01 17:15:55.225195,46.9,47.33,0.4299999999999997,48028
1900-01-01 17:15:55.326467,46.6,47.04,0.4399999999999977,48129
1900-01-01 17:15:55.427605,46.3,46.88,0.5800000000000054,48230
1900-01-01 17:15:55.528919,46.0,46.52,0.5200000000000031,48331
1900-01-01 17:15:55.629827,45.7,45.94,0.23999999999999488,48432
1900-01-01 17:15:55.730867,45.4,46.11,0.7100000000000009,48533
1900-01-01 17:15:55.831754,45.1,45.62,0.519999999999996,48634
1900-01-01 17:15:55.933180,44.8,44.65,0.14999999999999858,48736
1900-01-01 17:15:56.034004,44.5,44.09,0.4099999999999966,48837
1900-01-01 17:15:56.134578,44.2,43.7,0.5,48937
1900-01-01 17:15:56.235522,43.9,44.12,0.21999999999999886,49038
1900-01-01 17:15:56.336802,43.6,43.92,0.3200000000000003,49139
1900-01-01 17:15:56.437710,43.3,44.17,0.8700000000000045,49240
1900-01-01 17:15:56.538627,43.0,43.49,0.490000000000002,49341
1900-01-01 17:15:56.639170,42.7,42.98,0.27999999999999403,49442
1900-01-01 17:15:56.740252,42.4,43.13,0.730000000000004,49543
1900-01-01 17:15:56.840923,42.1,42.13,0.030000000000001137,49643
1900-01-01 17:15:56.941786,41.8,42.3,0.5,49744
1900-01-01 17:15:57.042739,41.5,41.91,0.4099999999999966,49845
1900-01-01 17:15:57.144010,41.2,41.06,0.14000000000000057,49947
1900-01-01 17:15:57.245368,40.9,40.76,0.14000000000000057,50048
1900-01-01 17:15:57.346149,40.6,40.94,0.3399999999999963,50149
1900-01-01 17:15:57.446996,40.3,41.01,0.7100000000000009,50249
1900-01-01 17:15:57.547929,40.0,40.81,0.8100000000000023,50350
1900-01-01 17:15:57.648635,40.0,40.3,0.29999999999999716,50451
1900-01-01 17:15:57.749322,40.0,40.31,0.3100000000000023,50552
1900-01-01 17:15:57.850263,40.0,39.33,0.6700000000000017,50653
1900-01-01 17:15:57.951162,40.0,39.12,0.8800000000000026,50754
1900-01-01 17:15:58.052013,40.0,38.97,1.0300000000000011,50855
1900-01-01 17:15:58.153314,40.0,38.99,1.009999999999998,50956
1900-01-01 17:15:58.254316,40.0,38.95,1.0499999999999972,51057
1900-01-01 17:15:58.355244,40.0,38.95,1.0499999999999972,51158
1900-01-01 17:15:58.456192,40.0,39.07,0.9299999999999997,51259
1900-01-01 17:15:58.557161,40.0,39.34,0.6599999999999966,51360
1900-01-01 17:15:58.658106,40.0,39.46,0.5399999999999991,51461
1900-01-01 17:15:58.758757,40.0,39.48,0.5200000000000031,51561
1900-01-01 17:15:58.859464,40.0,39.65,0.3500000000000014,51662
1900-01-01 17:15:58.960467,40.0,39.97,0.030000000000001137,51763
1900-01-01 17:15:59.061039,40.0,39.51,0.490000000000002,51864
1900-01-01 17:15:59.161946,40.0,39.51,0.490000000000002,51964
1900-01-01 17:15:59.262413,40.0,39.56,0.4399999999999977,52065
1900-01-01 17:15:59.362830,40.0,40.09,0.09000000000000341,52165
1900-01-01 17:15:59.463785,40.0,39.79,0.21000000000000085,52266
1900-01-01 17:15:59.564739,40.0,40.21,0.21000000000000085,52367
1900-01-01 17:15:59.666196,40.0,40.19,0.18999999999999773,52469
1900-01-01 17:15:59.767080,40.0,40.23,0.22999999999999687,52570
1900-01-01 17:15:59.867972,40.0,39.7,0.29999999999999716,52670
1900-01-01 17:15:59.968653,40.0,39.77,0.22999999999999687,52771
1900-01-01 17:16:00.069545,40.0,39.89,0.10999999999999943,52872
1900-01-01 17:16:00.169934,40.0,39.94,0.060000000000002274,52972
1900-01-01 17:16:00.270861,40.0,40.09,0.09000000000000341,53073
1900-01-01 17:16:00.371816,40.0,40.43,0.4299999999999997,53174
1900-01-01 17:16:00.472213,40.0,39.99,0.00999999999999801,53275
1900-01-01 17:16:00.573095,40.0,40.04,0.03999999999999915,53376
1900-01-01 17:16:00.674065,38.0,39.89,1.8900000000000006,53477
1900-01-01 17:16:00.775048,38.0,39.4,1.3999999999999986,53578
1900-01-01 17:16:00.876065,38.0,39.77,1.7700000000000031,53679
1900-01-01 17:16:00.976883,38.0,38.99,0.990000000000002,53779
1900-01-01 17:16:01.078371,38.0,38.78,0.7800000000000011,53881
1900-01-01 17:16:01.179319,38.0,38.8,0.7999999999999972,53982
1900-01-01 17:16:01.280200,38.0,38.1,0.10000000000000142,54083
1900-01-01 17:16:01.381119,38.0,37.68,0.3200000000000003,54184
1900-01-01 17:16:01.482099,38.0,37.41,0.5900000000000034,54285
1900-01-01 17:16:01.582957,38.0,37.37,0.6300000000000026,54385
1900-01-01 17:16:01.683589,38.0,37.75,0.25,54486
1900-01-01 17:16:01.784123,38.0,37.35,0.6499999999999986,54587
1900-01-01 17:16:01.884875,38.0,37.75,0.25,54687
1900-01-01 17:16:01.985921,38.0,37.75,0.25,54788
1900-01-01 17:16:02.087307,38.0,37.37,0.6300000000000026,54890
1900-01-01 17:16:02.188192,38.0,37.22,0.7800000000000011,54991
1900-01-01 17:16:02.289754,38.0,37.29,0.7100000000000009,55092
1900-01-01 17:16:02.390085,38.0,37.92,0.0799999999999983,55193
1900-01-01 17:16:02.491026,38.0,38.29,0.28999999999999915,55294
1900-01-01 17:16:02.591510,38.0,38.44,0.4399999999999977,55394
1900-01-01 17:16:02.692278,42.0,38.29,3.710000000000001,55495
1900-01-01 17:16:02.793238,42.0,38.12,3.8800000000000026,55596
1900-01-01 17:16:02.893691,42.0,37.9,4.100000000000001,55696
1900-01-01 17:16:02.994066,42.0,38.7,3.299999999999997,55797
1900-01-01 17:16:03.095082,42.0,40.02,1.9799999999999969,55898
1900-01-01 17:16:03.195990,42.0,43.05,1.0499999999999972,55998
1900-01-01 17:16:03.296915,42.0,43.44,1.4399999999999977,56099
1900-01-01 17:16:03.398111,42.0,44.65,2.6499999999999986,56201
1900-01-01 17:16:03.499771,42.0,44.7,2.700000000000003,56302
1900-01-01 17:16:03.600681,42.0,44.87,2.8699999999999974,56403
1900-01-01 17:16:03.701505,42.0,43.32,1.3200000000000003,56504
1900-01-01 17:16:03.802281,42.0,42.42,0.4200000000000017,56605
1900-01-01 17:16:03.903190,42.0,42.01,0.00999999999999801,56706
1900-01-01 17:16:04.004521,42.0,41.67,0.3299999999999983,56807
1900-01-01 17:16:04.105398,42.0,41.21,0.7899999999999991,56908
1900-01-01 17:16:04.205882,42.0,41.2,0.7999999999999972,57008
1900-01-01 17:16:04.307035,42.0,41.3,0.7000000000000028,57110
1900-01-01 17:16:04.407617,42.0,41.91,0.09000000000000341,57210
1900-01-01 17:16:04.508422,42.0,41.69,0.3100000000000023,57311
1900-01-01 17:16:04.609549,42.0,42.34,0.3400000000000034,57412
1900-01-01 17:16:04.710782,40.0,42.32,2.3200000000000003,57513
1900-01-01 17:16:04.811994,40.0,42.28,2.280000000000001,57614
1900-01-01 17:16:04.912830,40.0,42.0,2.0,57715
1900-01-01 17:16:05.013766,40.0,41.47,1.4699999999999989,57816
1900-01-01 17:16:05.115159,40.0,40.4,0.3999999999999986,57918
1900-01-01 17:16:05.216407,40.0,39.75,0.25,58019
1900-01-01 17:16:05.316878,40.0,39.43,0.5700000000000003,58119
1900-01-01 17:16:05.417949,40.0,39.11,0.8900000000000006,58220
1900-01-01 17:16:05.519038,40.0,38.94,1.0600000000000023,58322
1900-01-01 17:16:05.619482,40.0,38.83,1.1700000000000017,58422
1900-01-01 17:16:05.719957,40.0,38.85,1.1499999999999986,58522
1900-01-01 17:16:05.821152,40.0,38.87,1.1300000000000026,58624
1900-01-01 17:16:05.921640,40.0,38.95,1.0499999999999972,58724
1900-01-01 17:16:06.022500,40.0,39.21,0.7899999999999991,58825
1900-01-01 17:16:06.123062,40.0,39.79,0.21000000000000085,58926
1900-01-01 17:16:06.224031,40.0,39.96,0.03999999999999915,59027
1900-01-01 17:16:06.324496,40.0,40.06,0.060000000000002274,59127
1900-01-01 17:16:06.425389,40.0,39.75,0.25,59228
1900-01-01 17:16:06.525838,40.0,39.89,0.10999999999999943,59328
1900-01-01 17:16:06.626518,40.0,40.33,0.3299999999999983,59429
1900-01-01 17:16:06.727808,40.0,39.9,0.10000000000000142,59530
1900-01-01 17:16:06.828494,40.0,39.74,0.259999999999998,59631
1900-01-01 17:16:06.929383,40.0,39.72,0.28000000000000114,59732
1900-01-01 17:16:07.030160,40.0,39.58,0.4200000000000017,59833
1900-01-01 17:16:07.130655,40.0,39.65,0.3500000000000014,59933
1900-01-01 17:16:07.231578,40.0,40.08,0.0799999999999983,60034
1900-01-01 17:16:07.332679,40.0,40.23,0.22999999999999687,60135
1900-01-01 17:16:07.433637,40.0,39.92,0.0799999999999983,60236
1900-01-01 17:16:07.534931,40.0,39.74,0.259999999999998,60337
1900-01-01 17:16:07.635674,40.0,39.67,0.3299999999999983,60438
1900-01-01 17:16:07.736239,40.6279052,40.14,0.48790520000000015,60539
1900-01-01 17:16:07.837117,41.25333234,39.74,1.513332339999998,60640
1900-01-01 17:16:07.938228,41.87381315,40.06,1.8138131499999943,60741
1900-01-01 17:16:08.039217,42.48689887,40.4,2.086898869999999,60842
1900-01-01 17:16:08.139982,43.09016994,40.98,2.110169940000006,60942
1900-01-01 17:16:08.240906,43.68124553,41.44,2.2412455300000005,61043
1900-01-01 17:16:08.341628,44.25779292,42.35,1.9077929199999986,61144
1900-01-01 17:16:08.442270,44.81753674,43.27,1.5475367399999982,61245
1900-01-01 17:16:08.543145,45.35826795,44.14,1.2182679499999978,61346
1900-01-01 17:16:08.643626,45.87785252,44.78,1.0978525199999964,61446
1900-01-01 17:16:08.744404,46.3742399,45.26,1.1142399000000012,61547
1900-01-01 17:16:08.845767,46.84547106,45.74,1.1054710599999993,61648
1900-01-01 17:16:08.946670,47.28968627,46.35,0.9396862699999957,61749
1900-01-01 17:16:09.047929,47.70513243,46.69,1.0151324300000013,61850
1900-01-01 17:16:09.148782,48.09016994,48.0,0.09016994000000267,61951
1900-01-01 17:16:09.249231,48.44327926,48.37,0.07327925999999962,62052
1900-01-01 17:16:09.350318,48.7630668,49.07,0.3069332000000031,62153
1900-01-01 17:16:09.450788,49.04827052,49.36,0.3117294799999968,62253
1900-01-01 17:16:09.551769,49.29776486,49.37,0.07223513999999653,62354
1900-01-01 17:16:09.652721,49.51056516,49.78,0.2694348400000024,62455
1900-01-01 17:16:09.753534,49.68583161,49.9,0.21416838999999754,62556
1900-01-01 17:16:09.854690,49.82287251,50.39,0.5671274899999972,62657
1900-01-01 17:16:09.955542,49.92114701,50.7,0.7788529900000043,62758
1900-01-01 17:16:10.056684,49.98026728,50.82,0.8397327200000007,62859
1900-01-01 17:16:10.157654,50.0,50.92,0.9200000000000017,62960
1900-01-01 17:16:10.259017,49.98026728,51.21,1.2297327200000012,63062
1900-01-01 17:16:10.359705,49.92114701,51.26,1.3388529899999995,63162
1900-01-01 17:16:10.460192,49.82287251,51.26,1.4371274899999946,63263
1900-01-01 17:16:10.561310,49.68583161,51.23,1.5441683899999958,63364
1900-01-01 17:16:10.662073,49.51056516,50.97,1.4594348400000001,63465
1900-01-01 17:16:10.762928,49.29776486,50.6,1.3022351400000005,63565
1900-01-01 17:16:10.864337,49.04827052,50.12,1.0717294799999948,63667
1900-01-01 17:16:10.965264,48.7630668,49.8,1.0369332,63768
1900-01-01 17:16:11.065931,48.44327926,49.71,1.2667207400000038,63868
1900-01-01 17:16:11.166881,48.09016994,49.31,1.2198300599999996,63969
1900-01-01 17:16:11.267560,47.70513243,48.95,1.2448675700000038,64070
1900-01-01 17:16:11.368434,47.28968627,48.69,1.4003137300000006,64171
1900-01-01 17:16:11.469061,46.84547106,48.47,1.6245289399999976,64272
1900-01-01 17:16:11.569457,46.3742399,47.98,1.6057600999999977,64372
1900-01-01 17:16:11.670490,45.87785252,47.54,1.6621474800000016,64473
1900-01-01 17:16:11.771451,45.35826795,46.84,1.481732050000005,64574
1900-01-01 17:16:11.872239,44.81753674,46.62,1.8024632599999961,64675
1900-01-01 17:16:11.972968,44.25779292,45.96,1.7022070800000009,64775
1900-01-01 17:16:12.073961,43.68124553,45.09,1.4087544700000052,64876
1900-01-01 17:16:12.174901,43.09016994,44.7,1.6098300600000002,64977
1900-01-01 17:16:12.275863,42.48689887,43.85,1.363101130000004,65078
1900-01-01 17:16:12.376580,41.87381315,42.93,1.0561868500000031,65179
1900-01-01 17:16:12.477106,41.25333234,42.79,1.536667659999999,65280
1900-01-01 17:16:12.578019,40.6279052,42.22,1.5920947999999981,65381
1900-01-01 17:16:12.679001,40.0,41.49,1.490000000000002,65482
1900-01-01 17:16:12.779717,39.3720948,41.04,1.6679051999999999,65582
1900-01-01 17:16:12.880343,38.74666766,39.79,1.0433323399999992,65683
1900-01-01 17:16:12.981323,38.12618685,39.14,1.0138131499999972,65784
1900-01-01 17:16:13.081805,37.51310113,37.97,0.4568988699999963,65884
1900-01-01 17:16:13.182263,36.90983006,37.44,0.5301699400000004,65985
1900-01-01 17:16:13.283221,36.31875447,36.54,0.22124552999999736,66086
1900-01-01 17:16:13.384274,35.74220708,36.64,0.8977929200000005,66187
1900-01-01 17:16:13.485216,35.18246326,35.55,0.3675367399999985,66288
1900-01-01 17:16:13.585888,34.64173205,34.86,0.21826794999999777,66388
1900-01-01 17:16:13.686363,34.12214748,34.7,0.5778525200000004,66489
1900-01-01 17:16:13.787509,33.6257601,34.07,0.44423989999999947,66590
1900-01-01 17:16:13.888696,33.15452894,33.33,0.17547105999999957,66691
1900-01-01 17:16:13.989193,32.71031373,33.05,0.3396862699999943,66792
1900-01-01 17:16:14.089635,32.29486757,32.32,0.025132429999999317,66892
1900-01-01 17:16:14.190115,31.90983006,31.25,0.6598300600000009,66993
1900-01-01 17:16:14.290993,31.55672074,31.25,0.3067207399999994,67093
1900-01-01 17:16:14.391902,31.2369332,31.2,0.0369332,67194
1900-01-01 17:16:14.492830,30.95172948,30.81,0.14172948000000218,67295
1900-01-01 17:16:14.593823,30.70223514,30.56,0.14223514000000037,67396
1900-01-01 17:16:14.694484,30.48943484,30.61,0.12056515999999817,67497
1900-01-01 17:16:14.795583,30.31416839,29.96,0.3541683899999981,67598
1900-01-01 17:16:14.896309,30.17712749,29.77,0.4071274900000006,67699
1900-01-01 17:16:14.996759,30.07885299,29.3,0.7788529900000007,67799
1900-01-01 17:16:15.097204,30.01973272,29.36,0.6597327200000009,67900
1900-01-01 17:16:15.198170,30.0,29.38,0.620000000000001,68001
1900-01-01 17:16:15.299138,30.01973272,29.03,0.9897327199999992,68102
1900-01-01 17:16:15.400263,30.07885299,29.45,0.6288529900000022,68203
1900-01-01 17:16:15.500752,30.17712749,29.11,1.0671274900000007,68303
1900-01-01 17:16:15.601708,30.31416839,28.94,1.3741683899999977,68404
1900-01-01 17:16:15.702675,30.48943484,29.11,1.3794348400000018,68505
1900-01-01 17:16:15.803176,30.70223514,29.81,0.8922351400000004,68606
1900-01-01 17:16:15.904538,30.95172948,29.88,1.071729480000002,68707
1900-01-01 17:16:16.005854,31.2369332,30.06,1.1769332000000006,68808
1900-01-01 17:16:16.106816,31.55672074,30.52,1.0367207399999998,68909
1900-01-01 17:16:16.207759,31.90983006,30.83,1.0798300600000026,69010
1900-01-01 17:16:16.308697,32.29486757,30.95,1.3448675700000017,69111
1900-01-01 17:16:16.409414,32.71031373,31.13,1.5803137300000039,69212
1900-01-01 17:16:16.509786,33.15452894,31.95,1.2045289399999994,69312
1900-01-01 17:16:16.610327,33.6257601,31.73,1.8957601000000004,69413
1900-01-01 17:16:16.711321,34.12214748,32.54,1.5821474800000033,69514
1900-01-01 17:16:16.812277,34.64173205,33.19,1.451732050000004,69615
1900-01-01 17:16:16.913487,35.18246326,34.14,1.0424632599999981,69716
1900-01-01 17:16:17.014804,35.74220708,34.35,1.3922070799999986,69817
1900-01-01 17:16:17.115283,36.31875447,35.01,1.3087544700000038,69918
1900-01-01 17:16:17.216156,36.90983006,35.65,1.2598300599999988,70019
1900-01-01 17:16:17.317066,37.51310113,36.03,1.4831011300000014,70120
1900-01-01 17:16:17.417978,38.12618685,36.81,1.3161868500000011,70220
1900-01-01 17:16:17.518986,38.74666766,37.13,1.6166676599999974,70321
1900-01-01 17:16:17.619751,39.3720948,37.83,1.542094800000001,70422
1900-01-01 17:16:17.721800,40.0,39.48,0.5200000000000031,70524
1900-01-01 17:16:17.822472,40.6279052,40.16,0.46790520000000413,70625
1900-01-01 17:16:17.923244,41.25333234,40.36,0.8933323400000006,70726
1900-01-01 17:16:18.024249,41.87381315,40.45,1.4238131499999938,70827
1900-01-01 17:16:18.125565,42.48689887,41.59,0.896898869999994,70928
1900-01-01 17:16:18.226503,43.09016994,42.01,1.0801699400000047,71029
1900-01-01 17:16:18.327157,43.68124553,42.91,0.7712455300000016,71130
1900-01-01 17:16:18.427725,44.25779292,43.58,0.6777929200000017,71230
1900-01-01 17:16:18.528366,44.81753674,44.29,0.5275367400000022,71331
1900-01-01 17:16:18.629313,45.35826795,44.85,0.5082679499999969,71432
1900-01-01 17:16:18.730292,45.87785252,45.35,0.5278525199999962,71533
1900-01-01 17:16:18.830975,46.3742399,45.57,0.8042398999999989,71633
1900-01-01 17:16:18.932125,46.84547106,46.53,0.31547106000000014,71735
1900-01-01 17:16:19.032992,47.28968627,46.88,0.4096862699999946,71835
1900-01-01 17:16:19.133878,47.70513243,47.71,0.00486757000000182,71936
1900-01-01 17:16:19.234923,48.09016994,48.32,0.22983005999999762,72037
1900-01-01 17:16:19.335895,48.44327926,49.14,0.6967207400000035,72138
1900-01-01 17:16:19.436962,48.7630668,49.56,0.7969332000000051,72239
1900-01-01 17:16:19.537728,49.04827052,49.61,0.5617294799999968,72340
1900-01-01 17:16:19.638624,49.29776486,49.73,0.43223513999999597,72441
1900-01-01 17:16:19.739478,49.51056516,50.04,0.5294348400000004,72542
1900-01-01 17:16:19.840301,49.68583161,50.14,0.45416838999999953,72643
1900-01-01 17:16:19.941350,49.82287251,50.29,0.46712748999999576,72744
1900-01-01 17:16:20.042100,49.92114701,50.58,0.6588529899999997,72845
1900-01-01 17:16:20.143463,49.98026728,50.65,0.669732719999999,72946
1900-01-01 17:16:20.244650,50.0,50.82,0.8200000000000003,73047
1900-01-01 17:16:20.345617,49.98026728,51.11,1.1297327199999998,73148
1900-01-01 17:16:20.446439,49.92114701,51.19,1.2688529899999992,73249
1900-01-01 17:16:20.547406,49.82287251,51.06,1.2371274899999989,73350
1900-01-01 17:16:20.648395,49.68583161,51.01,1.324168389999997,73451
1900-01-01 17:16:20.749617,49.51056516,50.75,1.2394348400000013,73552
1900-01-01 17:16:20.850292,49.29776486,50.46,1.16223514,73653
1900-01-01 17:16:20.951369,49.04827052,50.24,1.1917294799999993,73754
1900-01-01 17:16:21.052290,48.7630668,49.85,1.0869332000000043,73855
1900-01-01 17:16:21.153225,48.44327926,49.75,1.306720740000003,73956
1900-01-01 17:16:21.254166,48.09016994,49.29,1.1998300599999965,74057
1900-01-01 17:16:21.355087,47.70513243,49.19,1.4848675699999987,74158
1900-01-01 17:16:21.456241,47.28968627,48.97,1.6803137300000017,74259
1900-01-01 17:16:21.557041,46.84547106,48.52,1.6745289400000019,74360
1900-01-01 17:16:21.657988,46.3742399,48.24,1.8657601000000028,74460
1900-01-01 17:16:21.758632,45.87785252,47.66,1.782147479999999,74561
1900-01-01 17:16:21.859176,45.35826795,47.08,1.72173205,74662
1900-01-01 17:16:21.960108,44.81753674,46.26,1.4424632599999967,74763
1900-01-01 17:16:22.061064,44.25779292,46.09,1.8322070800000034,74864
1900-01-01 17:16:22.161971,43.68124553,45.31,1.628754470000004,74964
1900-01-01 17:16:22.262686,43.09016994,44.51,1.4198300599999953,75065
1900-01-01 17:16:22.363135,42.48689887,43.63,1.1431011300000051,75166
1900-01-01 17:16:22.463533,41.87381315,43.2,1.3261868500000062,75266
1900-01-01 17:16:22.564245,41.25333234,42.17,0.9166676600000017,75367
1900-01-01 17:16:22.665005,40.6279052,41.67,1.042094800000001,75468
1900-01-01 17:16:22.765998,40.0,40.72,0.7199999999999989,75568
1900-01-01 17:16:22.867437,39.3720948,40.43,1.0579052000000004,75670
1900-01-01 17:16:22.968398,38.74666766,39.96,1.213332340000001,75771
1900-01-01 17:16:23.069641,38.12618685,39.45,1.3238131499999994,75872
1900-01-01 17:16:23.170586,37.51310113,38.68,1.1668988699999971,75973
1900-01-01 17:16:23.271551,36.90983006,37.27,0.3601699400000058,76074
1900-01-01 17:16:23.372932,36.31875447,36.35,0.031245529999999633,76175
1900-01-01 17:16:23.474019,35.74220708,35.94,0.1977929199999977,76277
1900-01-01 17:16:23.574523,35.18246326,35.71,0.5275367400000022,76377
1900-01-01 17:16:23.675294,34.64173205,34.79,0.14826794999999748,76478
1900-01-01 17:16:23.776337,34.12214748,34.57,0.44785251999999787,76579
1900-01-01 17:16:23.877136,33.6257601,33.97,0.34423989999999804,76680
1900-01-01 17:16:23.977989,33.15452894,33.39,0.23547106000000184,76780
1900-01-01 17:16:24.078905,32.71031373,32.65,0.060313730000004284,76881
1900-01-01 17:16:24.179803,32.29486757,32.0,0.29486757000000097,76982
1900-01-01 17:16:24.280309,31.90983006,31.97,0.06016993999999798,77083
1900-01-01 17:16:24.380698,31.55672074,31.57,0.013279260000000903,77183
1900-01-01 17:16:24.481762,31.2369332,31.44,0.203066800000002,77284
1900-01-01 17:16:24.582719,30.95172948,30.47,0.48172948000000204,77385
1900-01-01 17:16:24.683646,30.70223514,30.62,0.0822351399999981,77486
1900-01-01 17:16:24.784621,30.48943484,30.4,0.08943484000000268,77587
1900-01-01 17:16:24.884980,30.31416839,30.4,0.08583160999999961,77687
1900-01-01 17:16:24.986278,30.17712749,30.01,0.1671274899999986,77789
1900-01-01 17:16:25.087704,30.07885299,29.42,0.6588529899999997,77890
1900-01-01 17:16:25.188556,30.01973272,28.96,1.0597327199999995,77991
1900-01-01 17:16:25.289020,30.0,28.63,1.370000000000001,78092
1900-01-01 17:16:25.389927,30.01973272,28.45,1.569732720000001,78192
1900-01-01 17:16:25.490403,30.07885299,28.58,1.4988529900000032,78293
1900-01-01 17:16:25.591753,30.17712749,29.21,0.9671274899999993,78394
1900-01-01 17:16:25.692967,30.31416839,29.4,0.9141683900000004,78495
1900-01-01 17:16:25.793833,30.48943484,29.28,1.2094348400000001,78596
1900-01-01 17:16:25.894589,30.70223514,29.42,1.2822351399999974,78697
1900-01-01 17:16:25.995417,30.95172948,29.5,1.451729480000001,78798
1900-01-01 17:16:26.096281,31.2369332,29.98,1.2569331999999989,78899
1900-01-01 17:16:26.196750,31.55672074,30.25,1.3067207399999994,78999
1900-01-01 17:16:26.297586,31.90983006,30.16,1.7498300600000007,79100
1900-01-01 17:16:26.398612,32.29486757,30.45,1.8448675700000017,79201
1900-01-01 17:16:26.499330,32.71031373,31.54,1.1703137300000037,79302
1900-01-01 17:16:26.600407,33.15452894,31.78,1.3745289399999976,79403
1900-01-01 17:16:26.701023,33.6257601,32.53,1.0957600999999997,79504
1900-01-01 17:16:26.801958,34.12214748,32.49,1.6321474800000004,79604
1900-01-01 17:16:26.902905,34.64173205,33.22,1.4217320500000028,79705
1900-01-01 17:16:27.003485,35.18246326,33.56,1.6224632599999964,79806
1900-01-01 17:16:27.104238,35.74220708,33.82,1.9222070799999997,79907
1900-01-01 17:16:27.204656,36.31875447,35.3,1.0187544700000046,80007
1900-01-01 17:16:27.305167,36.90983006,35.32,1.589830059999997,80108
1900-01-01 17:16:27.405923,37.51310113,36.0,1.5131011300000026,80208
1900-01-01 17:16:27.506564,38.12618685,36.88,1.2461868500000008,80309
1900-01-01 17:16:27.607591,38.74666766,37.92,0.8266676599999982,80410
1900-01-01 17:16:27.708581,39.3720948,38.7,0.6720947999999964,80511
1900-01-01 17:16:27.809557,40.0,38.95,1.0499999999999972,80612
1900-01-01 17:16:27.910509,41.25333234,39.77,1.483332339999997,80713
1900-01-01 17:16:28.011387,42.48689887,39.65,2.836898869999999,80814
1900-01-01 17:16:28.112353,43.68124553,40.86,2.821245529999999,80915
1900-01-01 17:16:28.213315,44.81753674,41.86,2.957536740000002,81016
1900-01-01 17:16:28.313770,45.87785252,42.47,3.4078525199999987,81116
1900-01-01 17:16:28.414414,46.84547106,43.85,2.99547106,81217
1900-01-01 17:16:28.515713,47.70513243,45.35,2.3551324299999976,81318
1900-01-01 17:16:28.616372,48.44327926,47.62,0.8232792599999996,81419
1900-01-01 17:16:28.717208,49.04827052,48.8,0.2482705200000055,81520
1900-01-01 17:16:28.817767,49.51056516,49.42,0.09056515999999704,81620
1900-01-01 17:16:28.918706,49.82287251,50.94,1.1171274899999943,81721
1900-01-01 17:16:29.019118,49.98026728,51.69,1.709732719999998,81822
1900-01-01 17:16:29.119607,49.98026728,52.26,2.2797327199999984,81922
1900-01-01 17:16:29.220402,49.82287251,52.55,2.7271274899999938,82023
1900-01-01 17:16:29.321282,49.51056516,53.13,3.619434840000004,82124
1900-01-01 17:16:29.421913,49.04827052,53.17,4.121729479999999,82224
1900-01-01 17:16:29.522982,48.44327926,52.91,4.4667207399999995,82325
1900-01-01 17:16:29.623655,47.70513243,52.33,4.624867569999999,82426
1900-01-01 17:16:29.725097,46.84547106,51.55,4.704528939999996,82528
1900-01-01 17:16:29.825646,45.87785252,49.87,3.99214748,82628
1900-01-01 17:16:29.926601,44.81753674,49.24,4.422463260000001,82729
1900-01-01 17:16:30.027815,43.68124553,47.44,3.7587544699999995,82830
1900-01-01 17:16:30.128746,42.48689887,46.71,4.223101130000003,82931
1900-01-01 17:16:30.229166,41.25333234,44.82,3.5666676600000002,83032
1900-01-01 17:16:30.329827,40.0,43.22,3.219999999999999,83132
1900-01-01 17:16:30.430842,38.74666766,41.26,2.513332339999998,83233
1900-01-01 17:16:30.531385,37.51310113,40.57,3.0568988699999977,83334
1900-01-01 17:16:30.632167,36.31875447,39.4,3.081245529999997,83435
1900-01-01 17:16:30.733184,35.18246326,37.39,2.207536740000002,83536
1900-01-01 17:16:30.834122,34.12214748,37.0,2.8778525199999976,83637
1900-01-01 17:16:30.935085,33.15452894,34.77,1.6154710600000044,83738
1900-01-01 17:16:31.036548,32.29486757,34.02,1.7251324300000022,83839
1900-01-01 17:16:31.137484,31.55672074,32.0,0.4432792600000006,83940
1900-01-01 17:16:31.238469,30.95172948,30.01,0.9417294799999993,84041
1900-01-01 17:16:31.338911,30.48943484,29.98,0.5094348400000008,84141
1900-01-01 17:16:31.439873,30.17712749,29.42,0.7571274899999985,84242
1900-01-01 17:16:31.540963,30.01973272,28.6,1.419732719999999,84343
1900-01-01 17:16:31.642344,30.01973272,28.04,1.9797327200000012,84445
1900-01-01 17:16:31.743206,30.17712749,28.38,1.7971274900000012,84546
1900-01-01 17:16:31.844306,30.48943484,28.14,2.3494348400000007,84647
1900-01-01 17:16:31.944880,30.95172948,27.67,3.281729479999999,84747
1900-01-01 17:16:32.045829,31.55672074,27.12,4.436720739999998,84848
1900-01-01 17:16:32.146715,32.29486757,28.16,4.134867570000001,84949
1900-01-01 17:16:32.247404,33.15452894,28.23,4.924528939999998,85050
1900-01-01 17:16:32.348340,34.12214748,29.42,4.702147480000001,85151
1900-01-01 17:16:32.448869,35.18246326,30.57,4.612463259999998,85251
1900-01-01 17:16:32.549556,36.31875447,32.68,3.638754470000002,85352
1900-01-01 17:16:32.650747,37.51310113,33.31,4.20310113,85453
1900-01-01 17:16:32.751836,38.74666766,34.14,4.606667659999999,85554
1900-01-01 17:16:32.852757,40.0,35.21,4.789999999999999,85655
1900-01-01 17:16:32.953630,41.25333234,36.1,5.153332339999999,85756
1900-01-01 17:16:33.054528,42.48689887,37.58,4.906898869999999,85857
1900-01-01 17:16:33.155392,43.68124553,40.31,3.371245529999996,85958
1900-01-01 17:16:33.256082,44.81753674,42.06,2.757536739999999,86059
1900-01-01 17:16:33.357135,45.87785252,42.97,2.9078525199999987,86160
1900-01-01 17:16:33.457755,46.84547106,44.72,2.1254710600000024,86260
1900-01-01 17:16:33.559105,47.70513243,46.04,1.6651324299999999,86362
1900-01-01 17:16:33.660019,48.44327926,46.72,1.7232792599999982,86463
1900-01-01 17:16:33.760887,49.04827052,48.93,0.11827052000000293,86563
1900-01-01 17:16:33.861426,49.51056516,49.56,0.04943484000000353,86664
1900-01-01 17:16:33.962126,49.82287251,51.19,1.3671274899999943,86765
1900-01-01 17:16:34.063327,49.98026728,51.82,1.8397327200000007,86866
1900-01-01 17:16:34.164270,49.98026728,52.16,2.179732719999997,86967
1900-01-01 17:16:34.265279,49.82287251,52.72,2.8971274899999955,87068
1900-01-01 17:16:34.366457,49.51056516,52.88,3.369434840000004,87169
1900-01-01 17:16:34.467745,49.04827052,52.88,3.83172948,87270
1900-01-01 17:16:34.568256,48.44327926,52.86,4.416720740000002,87371
1900-01-01 17:16:34.669145,47.70513243,52.55,4.844867569999998,87472
1900-01-01 17:16:34.769799,46.84547106,51.55,4.704528939999996,87572
1900-01-01 17:16:34.870511,45.87785252,51.12,5.24214748,87673
1900-01-01 17:16:34.971851,44.81753674,49.42,4.60246326,87774
1900-01-01 17:16:35.072942,43.68124553,48.17,4.4887544700000035,87875
1900-01-01 17:16:35.174225,42.48689887,46.89,4.403101130000003,87977
1900-01-01 17:16:35.275218,41.25333234,45.55,4.296667659999997,88078
1900-01-01 17:16:35.375931,40.0,43.65,3.6499999999999986,88178
1900-01-01 17:16:35.477001,38.74666766,42.98,4.233332339999997,88280
1900-01-01 17:16:35.578234,37.51310113,41.86,4.346898869999997,88381
1900-01-01 17:16:35.679177,36.31875447,39.94,3.621245529999996,88482
1900-01-01 17:16:35.779774,35.18246326,37.2,2.017536740000004,88582
1900-01-01 17:16:35.880846,34.12214748,36.64,2.517852519999998,88683
1900-01-01 17:16:35.981770,33.15452894,33.55,0.39547105999999843,88784
1900-01-01 17:16:36.082857,32.29486757,33.14,0.8451324299999996,88885
1900-01-01 17:16:36.183314,31.55672074,31.39,0.1667207399999988,88986
1900-01-01 17:16:36.283865,30.95172948,30.49,0.46172948000000247,89086
1900-01-01 17:16:36.384787,30.48943484,29.57,0.919434840000001,89187
1900-01-01 17:16:36.485744,30.17712749,29.19,0.9871274899999989,89288
1900-01-01 17:16:36.586964,30.01973272,29.14,0.8797327199999998,89389
1900-01-01 17:16:36.688241,30.01973272,28.41,1.6097327200000002,89491
1900-01-01 17:16:36.789527,30.17712749,27.99,2.1871274900000017,89592
1900-01-01 17:16:36.890217,30.48943484,27.43,3.0594348400000015,89693
1900-01-01 17:16:36.991143,30.95172948,27.38,3.571729480000002,89794
1900-01-01 17:16:37.092200,31.55672074,27.5,4.056720739999999,89895
1900-01-01 17:16:37.193275,32.29486757,28.43,3.8648675700000013,89996
1900-01-01 17:16:37.294009,33.15452894,29.01,4.144528939999997,90097
1900-01-01 17:16:37.394711,34.12214748,29.42,4.702147480000001,90197
1900-01-01 17:16:37.495631,35.18246326,30.44,4.742463259999997,90298
1900-01-01 17:16:37.596280,36.31875447,32.22,4.098754470000003,90399
1900-01-01 17:16:37.697034,37.51310113,32.49,5.023101130000001,90500
1900-01-01 17:16:37.797970,38.74666766,34.99,3.756667659999998,90600
1900-01-01 17:16:37.899262,40.0,36.01,3.990000000000002,90702
1900-01-01 17:16:37.999807,80.0,36.76,43.24,90802
1900-01-01 17:16:38.101005,80.0,39.11,40.89,90904
1900-01-01 17:16:38.201991,80.0,39.9,40.1,91004
1900-01-01 17:16:38.303272,80.0,42.08,37.92,91106
1900-01-01 17:16:38.404085,80.0,45.24,34.76,91207
1900-01-01 17:16:38.504494,80.0,49.12,30.880000000000003,91307
1900-01-01 17:16:38.604945,80.0,55.92,24.08,91407
1900-01-01 17:16:38.705648,80.0,58.33,21.67,91508
1900-01-01 17:16:38.806498,80.0,65.71,14.290000000000006,91609
1900-01-01 17:16:38.907419,80.0,71.01,8.989999999999995,91710
1900-01-01 17:16:39.008040,80.0,76.23,3.769999999999996,91811
1900-01-01 17:16:39.109084,80.0,81.59,1.5900000000000034,91912
1900-01-01 17:16:39.209979,80.0,80.62,0.6200000000000045,92012
1900-01-01 17:16:39.310472,80.0,87.61,7.609999999999999,92113
1900-01-01 17:16:39.411163,80.0,91.21,11.209999999999994,92214
1900-01-01 17:16:39.511577,80.0,92.3,12.299999999999997,92314
1900-01-01 17:16:39.612520,80.0,92.72,12.719999999999999,92415
1900-01-01 17:16:39.713598,80.0,91.82,11.819999999999993,92516
1900-01-01 17:16:39.814224,80.0,89.54,9.540000000000006,92617
1900-01-01 17:16:39.915001,80.0,86.57,6.569999999999993,92718
1900-01-01 17:16:40.016234,80.0,84.82,4.819999999999993,92819
1900-01-01 17:16:40.117451,80.0,81.23,1.230000000000004,92920
1900-01-01 17:16:40.218864,80.0,79.21,0.7900000000000063,93021
1900-01-01 17:16:40.319777,80.0,78.48,1.519999999999996,93122
1900-01-01 17:16:40.420758,80.0,78.44,1.5600000000000023,93223
1900-01-01 17:16:40.521616,80.0,78.8,1.2000000000000028,93324
1900-01-01 17:16:40.622854,80.0,79.45,0.5499999999999972,93425
1900-01-01 17:16:40.723775,80.0,79.53,0.46999999999999886,93526
1900-01-01 17:16:40.824759,80.0,79.09,0.9099999999999966,93627
1900-01-01 17:16:40.925900,80.0,78.9,1.0999999999999943,93728
1900-01-01 17:16:41.027301,80.0,78.67,1.3299999999999983,93830
1900-01-01 17:16:41.128669,80.0,79.29,0.7099999999999937,93931
1900-01-01 17:16:41.229573,80.0,79.14,0.8599999999999994,94032
1900-01-01 17:16:41.330612,80.0,79.38,0.6200000000000045,94133
1900-01-01 17:16:41.431201,80.0,79.74,0.2600000000000051,94234
1900-01-01 17:16:41.531955,80.0,79.33,0.6700000000000017,94334
1900-01-01 17:16:41.633330,80.0,79.19,0.8100000000000023,94436
1900-01-01 17:16:41.734640,80.0,79.87,0.12999999999999545,94537
1900-01-01 17:16:41.835611,80.0,79.57,0.4300000000000068,94638
1900-01-01 17:16:41.936574,80.0,79.63,0.37000000000000455,94739
1900-01-01 17:16:42.037091,80.0,80.23,0.23000000000000398,94840
1900-01-01 17:16:42.138265,80.0,80.21,0.20999999999999375,94941
1900-01-01 17:16:42.239878,80.0,80.04,0.04000000000000625,95042
1900-01-01 17:16:42.340749,80.0,79.55,0.45000000000000284,95143
1900-01-01 17:16:42.441971,80.0,79.94,0.060000000000002274,95244
1900-01-01 17:16:42.542914,80.0,79.97,0.030000000000001137,95345
1900-01-01 17:16:42.643498,80.0,79.62,0.37999999999999545,95446
1900-01-01 17:16:42.744258,80.0,80.04,0.04000000000000625,95547
1900-01-01 17:16:42.845372,80.0,80.16,0.1599999999999966,95648
1900-01-01 17:16:42.945787,80.0,80.16,0.1599999999999966,95748
1900-01-01 17:16:43.047234,80.0,79.92,0.0799999999999983,95850
1900-01-01 17:16:43.147680,80.0,79.68,0.3199999999999932,95950
1900-01-01 17:16:43.248428,80.0,79.33,0.6700000000000017,96051
1900-01-01 17:16:43.349407,80.0,79.55,0.45000000000000284,96152
1900-01-01 17:16:43.450762,80.0,79.72,0.28000000000000114,96253
1900-01-01 17:16:43.551750,80.0,80.45,0.45000000000000284,96354
1900-01-01 17:16:43.652940,80.0,80.64,0.6400000000000006,96455
1900-01-01 17:16:43.753979,80.0,80.45,0.45000000000000284,96556
1900-01-01 17:16:43.854933,80.0,80.21,0.20999999999999375,96657
1900-01-01 17:16:43.955541,80.0,79.92,0.0799999999999983,96758
1900-01-01 17:16:44.056451,80.0,79.82,0.18000000000000682,96859
1900-01-01 17:16:44.157699,80.0,79.7,0.29999999999999716,96960
1900-01-01 17:16:44.258642,80.0,79.74,0.2600000000000051,97061
1900-01-01 17:16:44.359376,80.0,79.97,0.030000000000001137,97162
1900-01-01 17:16:44.460292,80.0,80.13,0.12999999999999545,97263
1900-01-01 17:16:44.561242,80.0,80.21,0.20999999999999375,97364
1900-01-01 17:16:44.662297,80.0,80.09,0.09000000000000341,97465
1900-01-01 17:16:44.763662,80.0,79.91,0.09000000000000341,97566
1900-01-01 17:16:44.864542,80.0,79.55,0.45000000000000284,97667
1900-01-01 17:16:44.965546,80.0,80.04,0.04000000000000625,97768
1900-01-01 17:16:45.066713,80.0,80.04,0.04000000000000625,97869
1900-01-01 17:16:45.167924,80.0,80.21,0.20999999999999375,97970
1900-01-01 17:16:45.268864,80.0,80.16,0.1599999999999966,98071
1900-01-01 17:16:45.369816,80.0,79.67,0.3299999999999983,98172
1900-01-01 17:16:45.471126,80.0,79.85,0.15000000000000568,98274
1900-01-01 17:16:45.571488,80.0,79.41,0.5900000000000034,98374
1900-01-01 17:16:45.672588,80.0,80.09,0.09000000000000341,98475
1900-01-01 17:16:45.773509,80.0,80.21,0.20999999999999375,98576
1900-01-01 17:16:45.873898,80.0,80.14,0.14000000000000057,98676
1900-01-01 17:16:45.974841,80.0,80.09,0.09000000000000341,98777
1900-01-01 17:16:46.075802,80.0,79.97,0.030000000000001137,98878
1900-01-01 17:16:46.176273,80.0,79.91,0.09000000000000341,98979
1900-01-01 17:16:46.277240,80.0,79.85,0.15000000000000568,99080
1900-01-01 17:16:46.377953,80.0,79.92,0.0799999999999983,99180
1900-01-01 17:16:46.478973,80.0,80.04,0.04000000000000625,99281
1900-01-01 17:16:46.579898,80.0,80.3,0.29999999999999716,99382
1900-01-01 17:16:46.680477,80.0,80.28,0.28000000000000114,99483
1900-01-01 17:16:46.781376,80.0,80.3,0.29999999999999716,99584
1900-01-01 17:16:46.882239,80.0,80.23,0.23000000000000398,99685
1900-01-01 17:16:46.983033,80.0,80.23,0.23000000000000398,99786
1900-01-01 17:16:47.083855,80.0,80.11,0.10999999999999943,99886
1900-01-01 17:16:47.184621,80.0,80.04,0.04000000000000625,99987
1900-01-01 17:16:47.285667,80.0,79.57,0.4300000000000068,100088
1900-01-01 17:16:47.386420,80.0,79.91,0.09000000000000341,100189
1900-01-01 17:16:47.487220,80.0,79.92,0.0799999999999983,100290
1900-01-01 17:16:47.587905,80.0,79.91,0.09000000000000341,100390
1900-01-01 17:16:47.689090,80.0,79.91,0.09000000000000341,100492
1900-01-01 17:16:47.789629,80.0,79.92,0.0799999999999983,100592
1900-01-01 17:16:47.890932,80.0,79.8,0.20000000000000284,100693
1900-01-01 17:16:47.991704,80.0,79.31,0.6899999999999977,100794
1900-01-01 17:16:48.092205,10.0,79.28,69.28,100895
1900-01-01 17:16:48.193273,10.0,79.79,69.79,100996
1900-01-01 17:16:48.294126,10.0,78.85,68.85,101097
1900-01-01 17:16:48.395223,10.0,77.19,67.19,101198
1900-01-01 17:16:48.496584,10.0,74.43,64.43,101299
1900-01-01 17:16:48.597047,10.0,70.42,60.42,101400
1900-01-01 17:16:48.697546,10.0,66.26,56.260000000000005,101500
1900-01-01 17:16:48.798222,10.0,63.69,53.69,101601
1900-01-01 17:16:48.899202,10.0,55.0,45.0,101702
1900-01-01 17:16:48.999760,10.0,48.34,38.34,101802
1900-01-01 17:16:49.100695,10.0,40.87,30.869999999999997,101903
1900-01-01 17:16:49.201228,10.0,36.71,26.71,102004
1900-01-01 17:16:49.302231,10.0,28.35,18.35,102105
1900-01-01 17:16:49.402948,10.0,18.5,8.5,102205
1900-01-01 17:16:49.503812,10.0,60.59,50.59,102306
1900-01-01 17:16:49.604784,10.0,8.64,1.3599999999999994,102407
1900-01-01 17:16:49.706007,10.0,9.0,1.0,102509
1900-01-01 17:16:49.807050,10.0,9.08,0.9199999999999999,102610
1900-01-01 17:16:49.908361,10.0,9.02,0.9800000000000004,102711
1900-01-01 17:16:50.009292,10.0,9.02,0.9800000000000004,102812
1900-01-01 17:16:50.109817,10.0,9.03,0.9700000000000006,102912
1900-01-01 17:16:50.211235,10.0,9.05,0.9499999999999993,103014
1900-01-01 17:16:50.312665,10.0,8.61,1.3900000000000006,103115
1900-01-01 17:16:50.413858,10.0,8.64,1.3599999999999994,103216
1900-01-01 17:16:50.514459,10.0,9.0,1.0,103317
1900-01-01 17:16:50.614873,10.0,8.98,1.0199999999999996,103417
1900-01-01 17:16:50.715687,10.0,9.08,0.9199999999999999,103518
1900-01-01 17:16:50.816799,10.0,9.03,0.9700000000000006,103619
1900-01-01 17:16:50.917317,10.0,9.12,0.8800000000000008,103720
1900-01-01 17:16:51.017767,10.0,8.71,1.2899999999999991,103820
1900-01-01 17:16:51.118698,10.0,8.73,1.2699999999999996,103921
1900-01-01 17:16:51.219589,10.0,9.08,0.9199999999999999,104022
1900-01-01 17:16:51.320070,10.0,8.68,1.3200000000000003,104123
1900-01-01 17:16:51.421126,10.0,8.68,1.3200000000000003,104224
1900-01-01 17:16:51.521884,10.0,8.68,1.3200000000000003,104324
1900-01-01 17:16:51.622650,10.0,8.71,1.2899999999999991,104425
1900-01-01 17:16:51.723194,10.0,9.05,0.9499999999999993,104526
1900-01-01 17:16:51.824454,10.0,8.66,1.3399999999999999,104627
1900-01-01 17:16:51.925211,10.0,9.03,0.9700000000000006,104728
1900-01-01 17:16:52.026142,10.0,8.59,1.4100000000000001,104829
1900-01-01 17:16:52.126499,10.0,8.62,1.3800000000000008,104929
1900-01-01 17:16:52.227370,10.0,8.68,1.3200000000000003,105030
1900-01-01 17:16:52.328609,10.0,8.68,1.3200000000000003,105131
1900-01-01 17:16:52.429968,10.0,8.61,1.3900000000000006,105232
1900-01-01 17:16:52.530508,10.0,8.64,1.3599999999999994,105333
1900-01-01 17:16:52.631373,10.0,8.66,1.3399999999999999,105434
1900-01-01 17:16:52.732298,10.0,9.1,0.9000000000000004,105535
1900-01-01 17:16:52.833146,10.0,8.69,1.3100000000000005,105636
1900-01-01 17:16:52.933631,10.0,8.71,1.2899999999999991,105736
1900-01-01 17:16:53.034482,10.0,8.73,1.2699999999999996,105837
1900-01-01 17:16:53.135219,10.0,8.66,1.3399999999999999,105938
1900-01-01 17:16:53.235877,10.0,8.66,1.3399999999999999,106038
1900-01-01 17:16:53.336915,10.0,8.59,1.4100000000000001,106139
1900-01-01 17:16:53.437869,10.0,8.61,1.3900000000000006,106240
1900-01-01 17:16:53.538604,10.0,8.62,1.3800000000000008,106341
1900-01-01 17:16:53.639885,10.0,8.66,1.3399999999999999,106442
1900-01-01 17:16:53.740828,10.0,8.74,1.2599999999999998,106543
1900-01-01 17:16:53.841922,10.0,8.66,1.3399999999999999,106644
1900-01-01 17:16:53.942817,10.0,8.68,1.3200000000000003,106745
1900-01-01 17:16:54.043950,10.0,8.73,1.2699999999999996,106846
1900-01-01 17:16:54.145000,10.0,8.59,1.4100000000000001,106948
1900-01-01 17:16:54.245904,10.0,8.61,1.3900000000000006,107048
1900-01-01 17:16:54.346505,10.0,8.61,1.3900000000000006,107149
1900-01-01 17:16:54.447242,10.0,8.64,1.3599999999999994,107250
1900-01-01 17:16:54.547694,10.0,8.59,1.4100000000000001,107350
1900-01-01 17:16:54.648273,10.0,8.66,1.3399999999999999,107451
1900-01-01 17:16:54.749435,10.0,8.64,1.3599999999999994,107552
1900-01-01 17:16:54.850559,10.0,8.57,1.4299999999999997,107653
1900-01-01 17:16:54.951339,10.0,8.56,1.4399999999999995,107754
1900-01-01 17:16:55.051811,10.0,8.98,1.0199999999999996,107854
1900-01-01 17:16:55.153030,10.0,8.57,1.4299999999999997,107956
1900-01-01 17:16:55.253967,10.0,8.66,1.3399999999999999,108056
1900-01-01 17:16:55.355069,10.0,8.54,1.4600000000000009,108158
1900-01-01 17:16:55.455983,10.0,8.62,1.3800000000000008,108258
1900-01-01 17:16:55.556978,10.0,8.64,1.3599999999999994,108359
1900-01-01 17:16:55.657951,10.0,8.61,1.3900000000000006,108460
1900-01-01 17:16:55.758895,10.0,8.57,1.4299999999999997,108561
1900-01-01 17:16:55.859460,10.0,8.62,1.3800000000000008,108662
1900-01-01 17:16:55.959967,10.0,8.64,1.3599999999999994,108762
1900-01-01 17:16:56.060892,10.0,8.62,1.3800000000000008,108863
1900-01-01 17:16:56.161739,10.0,8.59,1.4100000000000001,108964
1900-01-01 17:16:56.262204,10.0,8.64,1.3599999999999994,109065
1900-01-01 17:16:56.363039,10.0,8.61,1.3900000000000006,109166
1900-01-01 17:16:56.464298,10.0,8.59,1.4100000000000001,109267
1900-01-01 17:16:56.565251,10.0,8.52,1.4800000000000004,109368
1900-01-01 17:16:56.666241,10.0,8.61,1.3900000000000006,109469
1900-01-01 17:16:56.767190,10.0,8.61,1.3900000000000006,109570
1900-01-01 17:16:56.867796,10.0,8.61,1.3900000000000006,109670
1900-01-01 17:16:56.968704,10.0,8.62,1.3800000000000008,109771
1900-01-01 17:16:57.069466,10.0,8.62,1.3800000000000008,109872
1900-01-01 17:16:57.169772,10.0,8.66,1.3399999999999999,109972
1900-01-01 17:16:57.270898,10.0,8.61,1.3900000000000006,110073
1900-01-01 17:16:57.371981,10.0,8.66,1.3399999999999999,110174
1900-01-01 17:16:57.472529,10.0,8.61,1.3900000000000006,110275
1900-01-01 17:16:57.573604,10.0,8.64,1.3599999999999994,110376
1900-01-01 17:16:57.674552,10.0,8.61,1.3900000000000006,110477
1900-01-01 17:16:57.775507,10.0,8.57,1.4299999999999997,110578
1900-01-01 17:16:57.876901,10.0,8.59,1.4100000000000001,110679
1900-01-01 17:16:57.977787,10.0,8.61,1.3900000000000006,110780
1900-01-01 17:16:58.078178,10.0,8.64,1.3599999999999994,110881
1900-01-01 17:16:58.178519,50.0,8.64,41.36,110981
1900-01-01 17:16:58.279469,50.0,8.61,41.39,111082
1900-01-01 17:16:58.379944,50.0,8.59,41.41,111182
1900-01-01 17:16:58.480749,50.0,8.52,41.480000000000004,111283
1900-01-01 17:16:58.581680,50.0,8.62,41.38,111384
1900-01-01 17:16:58.682418,50.0,9.88,40.12,111485
1900-01-01 17:16:58.783407,50.0,11.48,38.519999999999996,111586
1900-01-01 17:16:58.884730,50.0,16.85,33.15,111687
1900-01-01 17:16:58.985671,50.0,20.95,29.05,111788
1900-01-01 17:16:59.086627,50.0,23.26,26.74,111889
1900-01-01 17:16:59.188128,50.0,30.11,19.89,111991
1900-01-01 17:16:59.289195,50.0,32.48,17.520000000000003,112092
1900-01-01 17:16:59.390352,50.0,39.67,10.329999999999998,112193
1900-01-01 17:16:59.491352,50.0,44.48,5.520000000000003,112294
1900-01-01 17:16:59.592358,50.0,46.79,3.210000000000001,112395
1900-01-01 17:16:59.693329,50.0,51.14,1.1400000000000006,112496
1900-01-01 17:16:59.794183,50.0,54.95,4.950000000000003,112597
1900-01-01 17:16:59.895408,50.0,58.06,8.060000000000002,112698
1900-01-01 17:16:59.996178,50.0,60.36,10.36,112799
1900-01-01 17:17:00.097155,50.0,61.53,11.530000000000001,112900
1900-01-01 17:17:00.197988,50.0,61.04,11.04,113000
1900-01-01 17:17:00.298596,50.0,59.78,9.780000000000001,113101
1900-01-01 17:17:00.399901,50.0,58.94,8.939999999999998,113202
1900-01-01 17:17:00.500702,50.0,56.8,6.799999999999997,113303
1900-01-01 17:17:00.601550,50.0,53.23,3.229999999999997,113404
1900-01-01 17:17:00.702322,50.0,51.06,1.0600000000000023,113505
1900-01-01 17:17:00.803265,50.0,49.68,0.3200000000000003,113606
1900-01-01 17:17:00.904277,50.0,49.39,0.6099999999999994,113707
1900-01-01 17:17:01.005053,50.0,49.27,0.7299999999999969,113808
1900-01-01 17:17:01.105860,50.0,49.73,0.2700000000000031,113908
1900-01-01 17:17:01.206834,50.0,50.09,0.09000000000000341,114009
1900-01-01 17:17:01.307291,50.0,50.21,0.21000000000000085,114110
1900-01-01 17:17:01.408444,50.0,50.36,0.35999999999999943,114211
1900-01-01 17:17:01.509728,50.0,50.29,0.28999999999999915,114312
1900-01-01 17:17:01.610544,50.0,49.99,0.00999999999999801,114413
1900-01-01 17:17:01.711235,50.0,49.83,0.1700000000000017,114514
1900-01-01 17:17:01.812366,50.0,49.6,0.3999999999999986,114615
1900-01-01 17:17:01.914088,50.0,49.41,0.5900000000000034,114717
1900-01-01 17:17:02.015076,50.0,49.37,0.6300000000000026,114818
1900-01-01 17:17:02.116457,50.0,49.39,0.6099999999999994,114919
1900-01-01 17:17:02.217360,50.0,49.56,0.4399999999999977,115020
1900-01-01 17:17:02.318444,50.0,49.76,0.240000000000002,115121
1900-01-01 17:17:02.419332,50.0,49.85,0.14999999999999858,115222
1900-01-01 17:17:02.520333,50.0,49.9,0.10000000000000142,115323
1900-01-01 17:17:02.621514,50.0,50.04,0.03999999999999915,115424
1900-01-01 17:17:02.722186,50.0,50.05,0.04999999999999716,115525
1900-01-01 17:17:02.823359,50.0,50.0,0.0,115626
1900-01-01 17:17:02.924477,50.0,49.94,0.060000000000002274,115727
1900-01-01 17:17:03.025441,50.0,49.82,0.17999999999999972,115828
1900-01-01 17:17:03.126300,50.0,49.73,0.2700000000000031,115929
1900-01-01 17:17:03.227162,50.0,49.71,0.28999999999999915,116030
1900-01-01 17:17:03.328250,50.0,49.97,0.030000000000001137,116131
1900-01-01 17:17:03.429236,50.0,49.94,0.060000000000002274,116232
1900-01-01 17:17:03.529783,50.0,49.95,0.04999999999999716,116332
1900-01-01 17:17:03.630725,50.0,49.71,0.28999999999999915,116433
1900-01-01 17:17:03.731141,50.0,49.68,0.3200000000000003,116534
1900-01-01 17:17:03.832053,50.0,49.75,0.25,116635
1900-01-01 17:17:03.932968,50.0,49.8,0.20000000000000284,116735
1900-01-01 17:17:04.033555,50.0,49.82,0.17999999999999972,116836
1900-01-01 17:17:04.134507,50.0,49.85,0.14999999999999858,116937
1900-01-01 17:17:04.234940,50.0,49.75,0.25,117037
1900-01-01 17:17:04.335859,50.0,50.34,0.3400000000000034,117138
1900-01-01 17:17:04.436299,50.0,50.43,0.4299999999999997,117239
1900-01-01 17:17:04.537252,50.0,50.46,0.46000000000000085,117340
1900-01-01 17:17:04.638405,50.0,50.31,0.3100000000000023,117441
1900-01-01 17:17:04.739448,50.0,50.16,0.1599999999999966,117542
1900-01-01 17:17:04.839832,50.0,50.02,0.020000000000003126,117642
1900-01-01 17:17:04.941104,50.0,49.88,0.11999999999999744,117744
1900-01-01 17:17:05.041572,50.0,49.87,0.13000000000000256,117844
1900-01-01 17:17:05.142414,50.0,49.87,0.13000000000000256,117945
1900-01-01 17:17:05.243179,50.0,50.07,0.07000000000000028,118046
1900-01-01 17:17:05.344121,50.0,50.1,0.10000000000000142,118147
1900-01-01 17:17:05.445193,50.0,50.05,0.04999999999999716,118248
1900-01-01 17:17:05.546573,50.0,49.99,0.00999999999999801,118349
1900-01-01 17:17:05.647761,50.0,49.92,0.0799999999999983,118450
1900-01-01 17:17:05.748552,50.0,49.87,0.13000000000000256,118551
1900-01-01 17:17:05.849460,50.0,49.97,0.030000000000001137,118652
1900-01-01 17:17:05.950549,50.0,49.87,0.13000000000000256,118753
1900-01-01 17:17:06.051296,50.0,50.0,0.0,118854
1900-01-01 17:17:06.151832,50.0,50.31,0.3100000000000023,118954
1900-01-01 17:17:06.252788,50.0,50.33,0.3299999999999983,119055
1900-01-01 17:17:06.353409,50.0,50.19,0.18999999999999773,119156
1900-01-01 17:17:06.453967,50.0,50.19,0.18999999999999773,119256
1900-01-01 17:17:06.555119,50.0,50.12,0.11999999999999744,119358
1900-01-01 17:17:06.656146,50.0,50.02,0.020000000000003126,119459
1900-01-01 17:17:06.756894,50.0,49.92,0.0799999999999983,119559
1900-01-01 17:17:06.857784,50.0,49.99,0.00999999999999801,119660
1900-01-01 17:17:06.958977,50.0,49.92,0.0799999999999983,119761
1900-01-01 17:17:07.059595,50.0,50.02,0.020000000000003126,119862
1900-01-01 17:17:07.160649,50.0,50.04,0.03999999999999915,119963
